"route_id","service_id","trip_id","trip_headsign","trip_short_name","direction_id","shape_id"
"1","GO401_1265","GO401_122","Babylon","2","0","0"
"1","GO401_1265","GO401_123","Penn Station","3","0","1"
"1","GO401_1265","GO401_124","Babylon","4","0","0"
"1","GO401_1265","GO401_125","Penn Station","5","0","1"
"1","GO401_1265","GO401_126","Babylon","6","0","0"
"1","GO401_1265","GO401_127","Penn Station","7","0","1"
"1","GO401_1265","GO401_128","Babylon","8","0","0"
"1","GO401_1265","GO401_129","Penn Station","9","0","1"
"1","GO401_1265","GO401_1211","Penn Station","11","0","2"
"1","GO401_1265","GO401_1212","Babylon","12","0","0"
"1","GO401_1265","GO401_1213","Penn Station","13","0","1"
"1","GO401_1265","GO401_1214","Babylon","14","0","0"
"1","GO401_1265","GO401_1215","Atlantic Terminal","15","0","3"
"1","GO401_1265","GO401_1216","Babylon","16","0","0"
"1","GO401_1265","GO401_1217","Penn Station","17","0","1"
"1","GO401_1265","GO401_1218","Babylon","18","0","0"
"1","GO401_1265","GO401_1219","Penn Station","19","0","1"
"1","GO401_1265","GO401_1222","Babylon","22","0","0"
"1","GO401_1265","GO401_1224","Babylon","24","0","0"
"1","GO401_1265","GO401_1225","Penn Station","25","0","1"
"1","GO401_1265","GO401_1227","Atlantic Terminal","27","0","3"
"1","GO401_1265","GO401_1228","Babylon","28","0","0"
"1","GO401_1265","GO401_1229","Penn Station","29","0","1"
"1","GO401_1265","GO401_1231","Penn Station","31","0","1"
"1","GO401_1265","GO401_1232","Babylon","32","0","0"
"1","GO401_1265","GO401_1233","Atlantic Terminal","33","0","3"
"1","GO401_1265","GO401_1234","Babylon","34","0","0"
"1","GO401_1265","GO401_1235","Penn Station","35","0","1"
"1","GO401_1265","GO401_1236","Babylon","36","0","0"
"1","GO401_1265","GO401_1238","Babylon","38","0","0"
"1","GO401_1265","GO401_1239","Atlantic Terminal","39","0","3"
"1","GO401_1265","GO401_1242","Babylon","42","0","0"
"1","GO401_1265","GO401_1243","Penn Station","43","0","1"
"1","GO401_1265","GO401_1244","Babylon","44","0","0"
"1","GO401_1265","GO401_1245","Penn Station","45","0","1"
"1","GO401_1265","GO401_1246","Babylon","46","0","0"
"1","GO401_1265","GO401_1247","Penn Station","47","0","1"
"1","GO401_1265","GO401_1248","Babylon","48","0","0"
"1","GO401_1265","GO401_1249","Penn Station","49","0","1"
"1","GO401_1265","GO401_1251","Penn Station","51","0","1"
"1","GO401_1265","GO401_1252","Babylon","52","0","0"
"1","GO401_1265","GO401_1253","Penn Station","53","0","1"
"1","GO401_1265","GO401_1255","Penn Station","55","0","1"
"1","GO401_1265","GO401_1257","Penn Station","57","0","1"
"1","GO401_1265","GO401_1259","Penn Station","59","0","1"
"1","GO401_1265","GO401_1261","Penn Station","61","0","1"
"1","GO401_1265","GO401_1263","Penn Station","63","0","1"
"1","GO401_1265","GO401_1265","Penn Station","65","0","1"
"1","GO401_1265","GO401_1267","Penn Station","67","0","1"
"1","GO401_1265","GO401_1269","Penn Station","69","0","1"
"1","GO401_1265","GO401_12102","Babylon","102","0","0"
"1","GO401_1265","GO401_12103","Penn Station","103","0","1"
"1","GO401_1265","GO401_12104","Babylon","104","0","0"
"1","GO401_1265","GO401_12105","Penn Station","105","0","1"
"1","GO401_1265","GO401_12107","Penn Station","107","0","1"
"1","GO401_1265","GO401_12108","Babylon","108","0","0"
"1","GO401_1265","GO401_12109","Penn Station","109","0","1"
"1","GO401_1265","GO401_12110","Babylon","110","0","0"
"1","GO401_1265","GO401_12111","Penn Station","111","0","1"
"1","GO401_1265","GO401_12113","Penn Station","113","0","1"
"1","GO401_1265","GO401_12114","Babylon","114","0","0"
"1","GO401_1265","GO401_12115","Penn Station","115","0","1"
"1","GO401_1265","GO401_12117","Penn Station","117","0","1"
"1","GO401_1265","GO401_12119","Penn Station","119","0","1"
"1","GO401_1265","GO401_12120","Babylon","120","0","0"
"1","GO401_1265","GO401_12123","Penn Station","123","0","1"
"1","GO401_128","GO401_12124","Babylon","124","0","0"
"1","GO401_1265","GO401_12125","Penn Station","125","0","1"
"1","GO401_1265","GO401_12126","Babylon","126","0","0"
"1","GO401_1265","GO401_12127","Penn Station","127","0","1"
"1","GO401_128","GO401_12128","Babylon","128","0","0"
"1","GO401_1265","GO401_12129","Penn Station","129","0","1"
"1","GO401_1265","GO401_12131","Penn Station","131","0","1"
"1","GO401_1265","GO401_12132","Babylon","132","0","0"
"1","GO401_1265","GO401_12133","Penn Station","133","0","1"
"1","GO401_1265","GO401_12134","Babylon","134","0","0"
"1","GO401_1265","GO401_12135","Penn Station","135","0","1"
"1","GO401_128","GO401_12136","Babylon","136","0","0"
"1","GO401_1265","GO401_12137","Penn Station","137","0","1"
"1","GO401_1265","GO401_12138","Babylon","138","0","0"
"1","GO401_1265","GO401_12139","Penn Station","139","0","1"
"1","GO401_1265","GO401_12140","Babylon","140","0","0"
"1","GO401_1265","GO401_12142","Babylon","142","0","4"
"1","GO401_1265","GO401_12143","Penn Station","143","0","1"
"1","GO401_1265","GO401_12144","Babylon","144","0","5"
"1","GO401_1265","GO401_12145","Penn Station","145","0","1"
"1","GO401_1265","GO401_12146","Babylon","146","0","0"
"1","GO401_1265","GO401_12147","Penn Station","147","0","1"
"1","GO401_1265","GO401_12148","Babylon","148","0","5"
"1","GO401_1265","GO401_12149","Penn Station","149","0","1"
"1","GO401_1265","GO401_12150","Babylon","150","0","4"
"1","GO401_1265","GO401_12151","Penn Station","151","0","1"
"1","GO401_1265","GO401_12152","Babylon","152","0","5"
"1","GO401_1265","GO401_12153","Penn Station","153","0","1"
"1","GO401_1265","GO401_12154","Babylon","154","0","4"
"1","GO401_1265","GO401_12155","Penn Station","155","0","1"
"1","GO401_1265","GO401_12156","Babylon","156","0","5"
"1","GO401_1265","GO401_12157","Penn Station","157","0","1"
"1","GO401_1265","GO401_12158","Babylon","158","0","4"
"1","GO401_1265","GO401_12159","Penn Station","159","0","1"
"1","GO401_1265","GO401_12160","Babylon","160","0","5"
"1","GO401_1265","GO401_12161","Penn Station","161","0","1"
"1","GO401_1265","GO401_12162","Babylon","162","0","4"
"1","GO401_1265","GO401_12163","Penn Station","163","0","1"
"1","GO401_1265","GO401_12164","Babylon","164","0","0"
"1","GO401_1265","GO401_12166","Babylon","166","0","5"
"1","GO401_1265","GO401_12168","Babylon","168","0","0"
"1","GO401_1265","GO401_12170","Babylon","170","0","0"
"1","GO401_1265","GO401_12172","Babylon","172","0","0"
"1","GO401_1265","GO401_12174","Babylon","174","0","0"
"1","GO401_1265","GO401_12176","Babylon","176","0","0"
"1","GO401_1265","GO401_12180","Babylon","180","0","0"
"1","GO401_1265","GO401_12182","Babylon","182","0","0"
"1","GO401_1265","GO401_12184","Babylon","184","0","0"
"1","GO401_1265","GO401_12186","Babylon","186","0","0"
"1","GO401_1265","GO401_12188","Babylon","188","0","0"
"1","GO401_1265","GO401_12190","Babylon","190","0","0"
"1","GO401_1265","GO401_12192","Babylon","192","0","0"
"1","GO401_1265","GO401_12194","Babylon","194","0","0"
"1","GO401_1265","GO401_12196","Babylon","196","0","0"
"1","GO401_1265","GO401_12198","Babylon","198","0","0"
"4","GO401_1265","GO401_12200","Riverhead","200","0","6"
"4","GO401_1265","GO401_12201","Ronkonkoma","201","0","7"
"4","GO401_1265","GO401_12202","Greenport","202","0","8"
"4","GO401_1265","GO401_12203","Ronkonkoma","203","0","9"
"4","GO401_1265","GO401_12250","Riverhead","250","0","10"
"4","GO401_1265","GO401_12251","Ronkonkoma","251","0","11"
"4","GO401_1219","GO401_12252","Yaphank","252","0","12"
"4","GO401_1265","GO401_12253","Ronkonkoma","253","0","7"
"4","GO401_1212","GO401_12254","Greenport","254","0","13"
"4","GO401_1265","GO401_12256","Greenport","256","0","13"
"4","GO401_1265","GO401_12299","Ronkonkoma","299","0","11"
"9","GO401_1265","GO401_12300","Great Neck","300","0","14"
"9","GO401_1265","GO401_12301","Penn Station","301","0","15"
"9","GO401_1265","GO401_12303","Penn Station","303","0","16"
"9","GO401_1265","GO401_12305","Penn Station","305","0","16"
"9","GO401_1265","GO401_12307","Penn Station","307","0","15"
"9","GO401_1265","GO401_12309","Penn Station","309","0","15"
"9","GO401_1265","GO401_12311","Penn Station","311","0","15"
"9","GO401_120000313","GO401_12313","Penn Station","313","0","15"
"9","GO401_120000315","GO401_12315","Penn Station","315","0","15"
"9","GO401_120000351","GO401_12351","Penn Station","351","0","15"
"9","GO401_120000353","GO401_12353","Penn Station","353","0","15"
"9","GO401_128","GO401_12354","Great Neck","354","0","14"
"9","GO401_120000355","GO401_12355","Penn Station","355","0","15"
"9","GO401_120000356","GO401_12356","Great Neck","356","0","14"
"9","GO401_120000358","GO401_12358","Great Neck","358","0","14"
"9","GO401_120000360","GO401_12360","Great Neck","360","0","14"
"9","GO401_120000362","GO401_12362","Great Neck","362","0","14"
"9","GO401_120000364","GO401_12364","Great Neck","364","0","17"
"9","GO401_120000366","GO401_12366","Great Neck","366","0","14"
"9","GO401_120000368","GO401_12368","Great Neck","368","0","14"
"9","GO401_120000370","GO401_12370","Great Neck","370","0","14"
"9","GO401_120000398","GO401_12398","Great Neck","398","0","14"
"9","GO401_120000400","GO401_12400","Port Washington","400","0","18"
"9","GO401_120000401","GO401_12401","Penn Station","401","0","19"
"9","GO401_120000402","GO401_12402","Port Washington","402","0","18"
"9","GO401_1265","GO401_12403","Penn Station","403","0","19"
"9","GO401_1265","GO401_12404","Port Washington","404","0","18"
"9","GO401_1265","GO401_12405","Penn Station","405","0","19"
"9","GO401_1265","GO401_12406","Port Washington","406","0","18"
"9","GO401_1265","GO401_12407","Penn Station","407","0","19"
"9","GO401_1265","GO401_12408","Port Washington","408","0","18"
"9","GO401_1265","GO401_12409","Penn Station","409","0","19"
"9","GO401_1265","GO401_12410","Port Washington","410","0","18"
"9","GO401_1265","GO401_12411","Penn Station","411","0","19"
"9","GO401_1265","GO401_12412","Port Washington","412","0","18"
"9","GO401_1265","GO401_12413","Penn Station","413","0","19"
"9","GO401_120000414","GO401_12414","Port Washington","414","0","18"
"9","GO401_1265","GO401_12415","Penn Station","415","0","19"
"9","GO401_120000416","GO401_12416","Port Washington","416","0","18"
"9","GO401_120000418","GO401_12418","Port Washington","418","0","18"
"9","GO401_1265","GO401_12419","Penn Station","419","0","19"
"9","GO401_120000420","GO401_12420","Port Washington","420","0","18"
"9","GO401_1265","GO401_12421","Penn Station","421","0","19"
"9","GO401_120000422","GO401_12422","Port Washington","422","0","18"
"9","GO401_1265","GO401_12423","Penn Station","423","0","19"
"9","GO401_120000424","GO401_12424","Port Washington","424","0","18"
"9","GO401_1265","GO401_12425","Penn Station","425","0","19"
"9","GO401_120000426","GO401_12426","Port Washington","426","0","18"
"9","GO401_1265","GO401_12427","Penn Station","427","0","19"
"9","GO401_120000428","GO401_12428","Port Washington","428","0","18"
"9","GO401_1265","GO401_12429","Penn Station","429","0","19"
"9","GO401_120000430","GO401_12430","Port Washington","430","0","18"
"9","GO401_1265","GO401_12431","Penn Station","431","0","19"
"9","GO401_120000432","GO401_12432","Port Washington","432","0","18"
"9","GO401_120000433","GO401_12433","Penn Station","433","0","19"
"9","GO401_120000434","GO401_12434","Port Washington","434","0","18"
"9","GO401_120000435","GO401_12435","Penn Station","435","0","19"
"9","GO401_120000436","GO401_12436","Port Washington","436","0","18"
"9","GO401_120000437","GO401_12437","Penn Station","437","0","19"
"9","GO401_120000438","GO401_12438","Port Washington","438","0","18"
"9","GO401_120000439","GO401_12439","Penn Station","439","0","19"
"9","GO401_120000440","GO401_12440","Port Washington","440","0","18"
"9","GO401_120000441","GO401_12441","Penn Station","441","0","19"
"9","GO401_120000442","GO401_12442","Port Washington","442","0","18"
"9","GO401_120000443","GO401_12443","Penn Station","443","0","19"
"9","GO401_1265","GO401_12444","Port Washington","444","0","18"
"9","GO401_120000445","GO401_12445","Penn Station","445","0","19"
"9","GO401_1265","GO401_12446","Port Washington","446","0","18"
"9","GO401_120000447","GO401_12447","Penn Station","447","0","19"
"9","GO401_1265","GO401_12448","Port Washington","448","0","18"
"9","GO401_120000449","GO401_12449","Penn Station","449","0","19"
"9","GO401_120000451","GO401_12451","Penn Station","451","0","19"
"9","GO401_1265","GO401_12452","Port Washington","452","0","18"
"9","GO401_120000453","GO401_12453","Penn Station","453","0","19"
"9","GO401_1265","GO401_12454","Port Washington","454","0","18"
"9","GO401_120000455","GO401_12455","Penn Station","455","0","19"
"9","GO401_1265","GO401_12456","Port Washington","456","0","18"
"9","GO401_120000457","GO401_12457","Penn Station","457","0","19"
"9","GO401_1265","GO401_12458","Port Washington","458","0","18"
"9","GO401_120000459","GO401_12459","Penn Station","459","0","19"
"9","GO401_1265","GO401_12460","Port Washington","460","0","18"
"9","GO401_120000461","GO401_12461","Penn Station","461","0","19"
"9","GO401_1265","GO401_12462","Port Washington","462","0","18"
"9","GO401_120000463","GO401_12463","Penn Station","463","0","19"
"9","GO401_120000464","GO401_12464","Port Washington","464","0","18"
"9","GO401_120000465","GO401_12465","Penn Station","465","0","19"
"9","GO401_120000466","GO401_12466","Port Washington","466","0","18"
"9","GO401_120000467","GO401_12467","Penn Station","467","0","19"
"9","GO401_120000468","GO401_12468","Port Washington","468","0","18"
"9","GO401_120000469","GO401_12469","Penn Station","469","0","19"
"9","GO401_120000470","GO401_12470","Port Washington","470","0","18"
"9","GO401_120000471","GO401_12471","Penn Station","471","0","19"
"9","GO401_120000472","GO401_12472","Port Washington","472","0","18"
"9","GO401_120000473","GO401_12473","Penn Station","473","0","19"
"9","GO401_120000474","GO401_12474","Port Washington","474","0","18"
"9","GO401_120000475","GO401_12475","Penn Station","475","0","19"
"9","GO401_120000476","GO401_12476","Port Washington","476","0","18"
"9","GO401_120000477","GO401_12477","Penn Station","477","0","19"
"9","GO401_120000478","GO401_12478","Port Washington","478","0","18"
"9","GO401_120000479","GO401_12479","Penn Station","479","0","19"
"9","GO401_120000480","GO401_12480","Port Washington","480","0","18"
"9","GO401_120000481","GO401_12481","Penn Station","481","0","19"
"9","GO401_120000483","GO401_12483","Penn Station","483","0","19"
"9","GO401_120000485","GO401_12485","Penn Station","485","0","19"
"3","GO401_1265","GO401_12500","Oyster Bay","500","0","20"
"3","GO401_1265","GO401_12501","Mineola","501","0","21"
"3","GO401_1265","GO401_12502","Oyster Bay","502","0","22"
"3","GO401_1265","GO401_12503","Penn Station","503","0","23"
"3","GO401_1265","GO401_12504","Oyster Bay","504","0","20"
"3","GO401_1265","GO401_12505","Jamaica","505","0","24"
"3","GO401_1265","GO401_12506","Oyster Bay","506","0","25"
"3","GO401_1265","GO401_12507","Long Island City","507","0","26"
"3","GO401_1265","GO401_12509","Hunterspoint Avenue","509","0","27"
"3","GO401_1265","GO401_12511","Long Island City","511","0","28"
"3","GO401_1265","GO401_12513","Jamaica","513","0","24"
"3","GO401_1265","GO401_12515","Jamaica","515","0","24"
"3","GO401_1265","GO401_12517","Jamaica","517","0","24"
"3","GO401_1265","GO401_12550","Oyster Bay","550","0","20"
"3","GO401_1265","GO401_12551","Jamaica","551","0","24"
"3","GO401_1265","GO401_12552","Oyster Bay","552","0","20"
"3","GO401_1265","GO401_12553","Jamaica","553","0","24"
"3","GO401_1265","GO401_12554","Oyster Bay","554","0","20"
"3","GO401_1265","GO401_12555","Jamaica","555","0","29"
"3","GO401_1265","GO401_12556","Oyster Bay","556","0","25"
"3","GO401_1265","GO401_12557","Jamaica","557","0","24"
"3","GO401_1265","GO401_12558","Oyster Bay","558","0","30"
"3","GO401_1265","GO401_12559","Jamaica","559","0","24"
"3","GO401_1265","GO401_12560","Oyster Bay","560","0","31"
"3","GO401_1265","GO401_12561","Jamaica","561","0","24"
"3","GO401_1265","GO401_12562","Oyster Bay","562","0","20"
"3","GO401_1265","GO401_12563","Jamaica","563","0","24"
"3","GO401_1265","GO401_12564","Oyster Bay","564","0","32"
"3","GO401_1265","GO401_12565","Jamaica","565","0","24"
"3","GO401_1265","GO401_12566","Oyster Bay","566","0","30"
"3","GO401_1265","GO401_12568","Oyster Bay","568","0","20"
"3","GO401_1265","GO401_12570","Oyster Bay","570","0","20"
"3","GO401_1265","GO401_12572","Oyster Bay","572","0","20"
"3","GO401_1265","GO401_12574","Oyster Bay","574","0","20"
"10","GO401_1265","GO401_12600","Port Jefferson","600","0","33"
"10","GO401_1265","GO401_12601","Huntington","601","0","34"
"10","GO401_1265","GO401_12602","Port Jefferson","602","0","35"
"10","GO401_1265","GO401_12603","Hunterspoint Avenue","603","0","36"
"10","GO401_1265","GO401_12604","Port Jefferson","604","0","33"
"10","GO401_1265","GO401_12605","Penn Station","605","0","37"
"10","GO401_1265","GO401_12606","Port Jefferson","606","0","38"
"10","GO401_1265","GO401_12607","Hunterspoint Avenue","607","0","36"
"10","GO401_1265","GO401_12608","Port Jefferson","608","0","39"
"10","GO401_1265","GO401_12609","Long Island City","609","0","40"
"10","GO401_1265","GO401_12610","Port Jefferson","610","0","33"
"10","GO401_1265","GO401_12611","Hunterspoint Avenue","611","0","36"
"10","GO401_1265","GO401_12613","Hunterspoint Avenue","613","0","36"
"10","GO401_1265","GO401_12615","Penn Station","615","0","37"
"10","GO401_1265","GO401_12617","Hicksville","617","0","41"
"10","GO401_1265","GO401_12619","Hicksville","619","0","42"
"10","GO401_1265","GO401_12621","Huntington","621","0","43"
"10","GO401_1265","GO401_12623","Huntington","623","0","43"
"10","GO401_1265","GO401_12650","Port Jefferson","650","0","44"
"10","GO401_1265","GO401_12651","Huntington","651","0","45"
"10","GO401_1265","GO401_12652","Port Jefferson","652","0","46"
"10","GO401_1265","GO401_12653","Huntington","653","0","34"
"10","GO401_1265","GO401_12654","Port Jefferson","654","0","33"
"10","GO401_1265","GO401_12655","Huntington","655","0","45"
"10","GO401_1265","GO401_12656","Port Jefferson","656","0","47"
"10","GO401_1265","GO401_12657","Huntington","657","0","48"
"10","GO401_1265","GO401_12658","Port Jefferson","658","0","49"
"10","GO401_1265","GO401_12659","Huntington","659","0","34"
"10","GO401_1265","GO401_12660","Port Jefferson","660","0","49"
"10","GO401_1265","GO401_12662","Port Jefferson","662","0","50"
"10","GO401_1265","GO401_12663","Hicksville","663","0","41"
"10","GO401_1265","GO401_12664","Port Jefferson","664","0","47"
"10","GO401_1265","GO401_12665","Huntington","665","0","34"
"10","GO401_1265","GO401_12666","Port Jefferson","666","0","47"
"10","GO401_1265","GO401_12668","Port Jefferson","668","0","51"
"10","GO401_1265","GO401_12670","Port Jefferson","670","0","33"
"10","GO401_1265","GO401_12672","Port Jefferson","672","0","33"
"10","GO401_1265","GO401_12674","Port Jefferson","674","0","33"
"10","GO401_1265","GO401_12676","Port Jefferson","676","0","39"
"2","GO401_1265","GO401_12700","Hempstead","700","0","52"
"2","GO401_1265","GO401_12701","Jamaica","701","0","53"
"2","GO401_1265","GO401_12702","Hempstead","702","0","52"
"2","GO401_1265","GO401_12703","Jamaica","703","0","53"
"2","GO401_1265","GO401_12704","Hempstead","704","0","52"
"2","GO401_1265","GO401_12705","Jamaica","705","0","53"
"2","GO401_1265","GO401_12706","Hempstead","706","0","54"
"2","GO401_1265","GO401_12707","Jamaica","707","0","53"
"2","GO401_1265","GO401_12708","Hempstead","708","0","54"
"2","GO401_1265","GO401_12709","Atlantic Terminal","709","0","55"
"2","GO401_1265","GO401_12710","Hempstead","710","0","56"
"2","GO401_1265","GO401_12711","Atlantic Terminal","711","0","55"
"2","GO401_1265","GO401_12712","Hempstead","712","0","56"
"2","GO401_1265","GO401_12713","Penn Station","713","0","57"
"2","GO401_1265","GO401_12714","Hempstead","714","0","56"
"2","GO401_1265","GO401_12715","Penn Station","715","0","57"
"2","GO401_1265","GO401_12716","Hempstead","716","0","56"
"2","GO401_1265","GO401_12717","Penn Station","717","0","57"
"2","GO401_1265","GO401_12718","Hempstead","718","0","56"
"2","GO401_1265","GO401_12721","Atlantic Terminal","721","0","55"
"2","GO401_1265","GO401_12723","Penn Station","723","0","57"
"2","GO401_1265","GO401_12725","Atlantic Terminal","725","0","55"
"2","GO401_1265","GO401_12727","Atlantic Terminal","727","0","55"
"2","GO401_1265","GO401_12729","Atlantic Terminal","729","0","55"
"2","GO401_1265","GO401_12731","Atlantic Terminal","731","0","55"
"2","GO401_1265","GO401_12733","Atlantic Terminal","733","0","55"
"2","GO401_1265","GO401_12750","Hempstead","750","0","56"
"2","GO401_1265","GO401_12751","Atlantic Terminal","751","0","55"
"2","GO401_1265","GO401_12752","Hempstead","752","0","56"
"2","GO401_1265","GO401_12753","Atlantic Terminal","753","0","55"
"2","GO401_1265","GO401_12754","Hempstead","754","0","56"
"2","GO401_1265","GO401_12755","Atlantic Terminal","755","0","55"
"2","GO401_1265","GO401_12756","Hempstead","756","0","56"
"2","GO401_1265","GO401_12757","Atlantic Terminal","757","0","55"
"2","GO401_1265","GO401_12758","Hempstead","758","0","54"
"2","GO401_1265","GO401_12759","Atlantic Terminal","759","0","55"
"2","GO401_1265","GO401_12761","Atlantic Terminal","761","0","55"
"2","GO401_1265","GO401_12762","Hempstead","762","0","54"
"2","GO401_1265","GO401_12763","Penn Station","763","0","57"
"2","GO401_1265","GO401_12764","Hempstead","764","0","56"
"2","GO401_1265","GO401_12765","Atlantic Terminal","765","0","55"
"2","GO401_1265","GO401_12766","Hempstead","766","0","54"
"2","GO401_1265","GO401_12767","Atlantic Terminal","767","0","55"
"2","GO401_1265","GO401_12768","Hempstead","768","0","54"
"2","GO401_1265","GO401_12770","Hempstead","770","0","56"
"2","GO401_1265","GO401_12771","Atlantic Terminal","771","0","55"
"2","GO401_1265","GO401_12772","Hempstead","772","0","54"
"2","GO401_1265","GO401_12773","Atlantic Terminal","773","0","55"
"2","GO401_1265","GO401_12774","Hempstead","774","0","54"
"2","GO401_1265","GO401_12775","Atlantic Terminal","775","0","55"
"2","GO401_1265","GO401_12776","Hempstead","776","0","56"
"2","GO401_1265","GO401_12777","Jamaica","777","0","53"
"2","GO401_1265","GO401_12778","Hempstead","778","0","56"
"2","GO401_1265","GO401_12780","Hempstead","780","0","56"
"2","GO401_1265","GO401_12782","Hempstead","782","0","56"
"2","GO401_1265","GO401_12784","Hempstead","784","0","56"
"2","GO401_1265","GO401_12798","Hempstead","798","0","54"
"2","GO401_1265","GO401_12799","Atlantic Terminal","799","0","55"
"6","GO401_1265","GO401_12801","Jamaica","801","0","58"
"6","GO401_1265","GO401_12802","Long Beach","802","0","59"
"6","GO401_1265","GO401_12804","Long Beach","804","0","59"
"6","GO401_1265","GO401_12805","Jamaica","805","0","58"
"6","GO401_1265","GO401_12806","Long Beach","806","0","60"
"6","GO401_1265","GO401_12807","Penn Station","807","0","61"
"6","GO401_1265","GO401_12808","Long Beach","808","0","60"
"6","GO401_1265","GO401_12811","Penn Station","811","0","61"
"6","GO401_1265","GO401_12812","Long Beach","812","0","60"
"6","GO401_1265","GO401_12813","Atlantic Terminal","813","0","62"
"6","GO401_1265","GO401_12814","Long Beach","814","0","60"
"6","GO401_1265","GO401_12815","Penn Station","815","0","61"
"6","GO401_1265","GO401_12816","Long Beach","816","0","59"
"6","GO401_1265","GO401_12817","Penn Station","817","0","61"
"6","GO401_1265","GO401_12818","Long Beach","818","0","59"
"6","GO401_1265","GO401_12819","Penn Station","819","0","61"
"6","GO401_1265","GO401_12821","Atlantic Terminal","821","0","62"
"6","GO401_1265","GO401_12822","Long Beach","822","0","59"
"6","GO401_1265","GO401_12823","Penn Station","823","0","61"
"6","GO401_1265","GO401_12824","Long Beach","824","0","59"
"6","GO401_1265","GO401_12825","Penn Station","825","0","61"
"6","GO401_1265","GO401_12827","Atlantic Terminal","827","0","62"
"6","GO401_1265","GO401_12829","Penn Station","829","0","61"
"6","GO401_1265","GO401_12831","Penn Station","831","0","61"
"6","GO401_1265","GO401_12833","Penn Station","833","0","61"
"6","GO401_1265","GO401_12851","Penn Station","851","0","61"
"6","GO401_1265","GO401_12852","Long Beach","852","0","59"
"6","GO401_1265","GO401_12853","Penn Station","853","0","61"
"6","GO401_1265","GO401_12854","Long Beach","854","0","59"
"6","GO401_1265","GO401_12855","Penn Station","855","0","61"
"6","GO401_1265","GO401_12857","Penn Station","857","0","61"
"6","GO401_1265","GO401_12858","Long Beach","858","0","59"
"6","GO401_1265","GO401_12860","Long Beach","860","0","60"
"6","GO401_1265","GO401_12861","Penn Station","861","0","61"
"6","GO401_1265","GO401_12862","Long Beach","862","0","59"
"6","GO401_1265","GO401_12863","Atlantic Terminal","863","0","62"
"6","GO401_1265","GO401_12864","Long Beach","864","0","59"
"6","GO401_1265","GO401_12865","Penn Station","865","0","61"
"6","GO401_1265","GO401_12866","Long Beach","866","0","59"
"6","GO401_1265","GO401_12867","Atlantic Terminal","867","0","62"
"6","GO401_1265","GO401_12868","Long Beach","868","0","59"
"6","GO401_1265","GO401_12869","Penn Station","869","0","61"
"6","GO401_1265","GO401_12870","Long Beach","870","0","59"
"12","GO401_1265","GO401_12871","Atlantic Terminal","871","0","63"
"6","GO401_1265","GO401_12872","Long Beach","872","0","59"
"6","GO401_1265","GO401_12873","Penn Station","873","0","61"
"6","GO401_1265","GO401_12875","Penn Station","875","0","61"
"6","GO401_1265","GO401_12876","Long Beach","876","0","59"
"6","GO401_1265","GO401_12877","Penn Station","877","0","61"
"6","GO401_1265","GO401_12878","Long Beach","878","0","59"
"6","GO401_1265","GO401_12879","Penn Station","879","0","61"
"6","GO401_1265","GO401_12880","Long Beach","880","0","60"
"6","GO401_1265","GO401_12882","Long Beach","882","0","60"
"6","GO401_1265","GO401_12884","Long Beach","884","0","59"
"6","GO401_1265","GO401_12886","Long Beach","886","0","60"
"6","GO401_1265","GO401_12888","Long Beach","888","0","59"
"6","GO401_1265","GO401_12890","Long Beach","890","0","60"
"6","GO401_1265","GO401_12892","Long Beach","892","0","59"
"6","GO401_1265","GO401_12896","Long Beach","896","0","59"
"6","GO401_1265","GO401_12898","Long Beach","898","0","59"
"6","GO401_1265","GO401_12899","Penn Station","899","0","61"
"8","GO401_1236","GO401_12900","West Hempstead","900","0","64"
"8","GO401_1265","GO401_12901","Valley Stream","901","0","65"
"8","GO401_1265","GO401_12902","West Hempstead","902","0","66"
"8","GO401_1265","GO401_12903","Atlantic Terminal","903","0","67"
"8","GO401_1265","GO401_12904","West Hempstead","904","0","68"
"8","GO401_1265","GO401_12905","Penn Station","905","0","69"
"8","GO401_1265","GO401_12907","Atlantic Terminal","907","0","67"
"8","GO401_1265","GO401_12909","Atlantic Terminal","909","0","67"
"8","GO401_1265","GO401_12910","West Hempstead","910","0","64"
"8","GO401_1265","GO401_12911","Valley Stream","911","0","65"
"8","GO401_1265","GO401_12913","Valley Stream","913","0","65"
"8","GO401_1265","GO401_12950","West Hempstead","950","0","64"
"8","GO401_1265","GO401_12951","Valley Stream","951","0","65"
"8","GO401_1265","GO401_12952","West Hempstead","952","0","64"
"8","GO401_1265","GO401_12953","Atlantic Terminal","953","0","70"
"8","GO401_1265","GO401_12954","West Hempstead","954","0","64"
"12","GO401_1265","GO401_12955","Atlantic Terminal","955","0","71"
"8","GO401_1265","GO401_12956","West Hempstead","956","0","66"
"8","GO401_1265","GO401_12957","Jamaica","957","0","72"
"8","GO401_1265","GO401_12958","West Hempstead","958","0","66"
"8","GO401_1265","GO401_12959","Jamaica","959","0","72"
"8","GO401_1265","GO401_12960","West Hempstead","960","0","66"
"8","GO401_1265","GO401_12961","Valley Stream","961","0","65"
"8","GO401_1265","GO401_12962","West Hempstead","962","0","66"
"8","GO401_1265","GO401_12963","Jamaica","963","0","72"
"8","GO401_1265","GO401_12964","West Hempstead","964","0","73"
"8","GO401_1265","GO401_12966","West Hempstead","966","0","66"
"8","GO401_1265","GO401_12968","West Hempstead","968","0","64"
"8","GO401_1265","GO401_12970","West Hempstead","970","0","64"
"8","GO401_1265","GO401_12972","West Hempstead","972","0","64"
"1","GO401_1265","GO401_121001","Penn Station","1001","0","74"
"1","GO401_1265","GO401_121003","Penn Station","1003","0","74"
"1","GO401_1265","GO401_121005","Penn Station","1005","0","74"
"1","GO401_1265","GO401_121007","Penn Station","1007","0","75"
"1","GO401_1265","GO401_121009","Penn Station","1009","0","76"
"1","GO401_1265","GO401_121011","Atlantic Terminal","1011","0","77"
"1","GO401_1265","GO401_121013","Penn Station","1013","0","74"
"1","GO401_1265","GO401_121015","Penn Station","1015","0","76"
"1","GO401_1265","GO401_121017","Penn Station","1017","0","78"
"1","GO401_1265","GO401_121021","Penn Station","1021","0","79"
"1","GO401_1265","GO401_121050","Wantagh","1050","0","80"
"1","GO401_1265","GO401_121052","Massapequa Park","1052","0","81"
"1","GO401_1265","GO401_121056","Wantagh","1056","0","82"
"1","GO401_1265","GO401_121060","Wantagh","1060","0","82"
"1","GO401_1265","GO401_121062","Seaford","1062","0","83"
"1","GO401_1265","GO401_121064","Wantagh","1064","0","82"
"1","GO401_1265","GO401_121066","Wantagh","1066","0","80"
"1","GO401_1265","GO401_121099","Penn Station","1099","0","79"
"1","GO401_1265","GO401_121101","Penn Station","1101","0","84"
"1","GO401_1265","GO401_121103","Penn Station","1103","0","84"
"1","GO401_1265","GO401_121105","Penn Station","1105","0","85"
"1","GO401_1265","GO401_121107","Penn Station","1107","0","85"
"1","GO401_1265","GO401_121154","Freeport","1154","0","86"
"1","GO401_1265","GO401_121156","Freeport","1156","0","86"
"1","GO401_1265","GO401_121158","Freeport","1158","0","86"
"10","GO401_1265","GO401_121203","Penn Station","1203","0","87"
"10","GO401_1265","GO401_121205","Penn Station","1205","0","87"
"10","GO401_1265","GO401_121233","Penn Station","1233","0","87"
"10","GO401_1217","GO401_121250","Hicksville","1250","0","88"
"10","GO401_128","GO401_121252","Hicksville","1252","0","88"
"10","GO401_1265","GO401_121256","Hicksville","1256","0","88"
"10","GO401_1265","GO401_121258","Hicksville","1258","0","88"
"10","GO401_1265","GO401_121260","Hicksville","1260","0","88"
"12","GO401_1211","GO401_121350","Jamaica","1350","0","89"
"12","GO401_1214","GO401_121352","Jamaica","1352","0","89"
"12","GO401_1265","GO401_121401","Atlantic Terminal","1401","0","90"
"12","GO401_1265","GO401_121402","Jamaica","1402","0","91"
"12","GO401_1265","GO401_121453","Atlantic Terminal","1453","0","90"
"3","GO401_1265","GO401_121501","Penn Station","1501","0","92"
"10","GO401_1265","GO401_121601","Penn Station","1601","0","93"
"10","GO401_1265","GO401_121602","Huntington","1602","0","94"
"10","GO401_1265","GO401_121603","Penn Station","1603","0","93"
"10","GO401_1265","GO401_121604","Huntington","1604","0","94"
"10","GO401_1265","GO401_121605","Penn Station","1605","0","93"
"10","GO401_1265","GO401_121606","Huntington","1606","0","95"
"10","GO401_1265","GO401_121607","Penn Station","1607","0","93"
"10","GO401_1265","GO401_121608","Huntington","1608","0","94"
"10","GO401_1265","GO401_121609","Penn Station","1609","0","93"
"12","GO401_1265","GO401_121610","Jamaica","1610","0","96"
"10","GO401_1265","GO401_121611","Penn Station","1611","0","93"
"10","GO401_1265","GO401_121612","Huntington","1612","0","94"
"10","GO401_1265","GO401_121614","Huntington","1614","0","94"
"10","GO401_1265","GO401_121615","Penn Station","1615","0","93"
"10","GO401_1265","GO401_121616","Huntington","1616","0","94"
"10","GO401_1265","GO401_121617","Penn Station","1617","0","93"
"10","GO401_1265","GO401_121618","Huntington","1618","0","94"
"10","GO401_1265","GO401_121619","Atlantic Terminal","1619","0","97"
"10","GO401_1265","GO401_121620","Huntington","1620","0","94"
"10","GO401_1265","GO401_121621","Hunterspoint Avenue","1621","0","98"
"10","GO401_1265","GO401_121622","Huntington","1622","0","94"
"10","GO401_1265","GO401_121623","Penn Station","1623","0","93"
"10","GO401_1265","GO401_121625","Atlantic Terminal","1625","0","97"
"10","GO401_1265","GO401_121627","Penn Station","1627","0","99"
"10","GO401_1265","GO401_121629","Penn Station","1629","0","93"
"10","GO401_1265","GO401_121631","Penn Station","1631","0","93"
"10","GO401_1265","GO401_121633","Penn Station","1633","0","93"
"10","GO401_1265","GO401_121635","Penn Station","1635","0","93"
"10","GO401_1265","GO401_121637","Penn Station","1637","0","93"
"10","GO401_1265","GO401_121641","Penn Station","1641","0","93"
"10","GO401_1265","GO401_121701","Penn Station","1701","0","93"
"10","GO401_1265","GO401_121702","Huntington","1702","0","94"
"10","GO401_1265","GO401_121705","Penn Station","1705","0","93"
"10","GO401_1265","GO401_121706","Huntington","1706","0","94"
"10","GO401_1265","GO401_121707","Penn Station","1707","0","93"
"10","GO401_128","GO401_121708","Huntington","1708","0","94"
"10","GO401_1265","GO401_121709","Penn Station","1709","0","93"
"10","GO401_128","GO401_121710","Huntington","1710","0","94"
"10","GO401_1265","GO401_121712","Huntington","1712","0","94"
"10","GO401_1265","GO401_121713","Penn Station","1713","0","93"
"10","GO401_1265","GO401_121714","Huntington","1714","0","94"
"10","GO401_1265","GO401_121715","Penn Station","1715","0","93"
"10","GO401_1265","GO401_121716","Huntington","1716","0","94"
"10","GO401_1265","GO401_121717","Penn Station","1717","0","93"
"10","GO401_1265","GO401_121718","Huntington","1718","0","94"
"10","GO401_1265","GO401_121719","Penn Station","1719","0","93"
"10","GO401_1265","GO401_121721","Penn Station","1721","0","93"
"10","GO401_1265","GO401_121722","Huntington","1722","0","94"
"10","GO401_1265","GO401_121723","Penn Station","1723","0","93"
"10","GO401_1265","GO401_121724","Huntington","1724","0","94"
"10","GO401_1265","GO401_121725","Penn Station","1725","0","93"
"10","GO401_1265","GO401_121726","Huntington","1726","0","94"
"10","GO401_1265","GO401_121727","Penn Station","1727","0","93"
"10","GO401_1265","GO401_121728","Huntington","1728","0","100"
"10","GO401_1265","GO401_121729","Penn Station","1729","0","93"
"10","GO401_1265","GO401_121730","Huntington","1730","0","94"
"10","GO401_1265","GO401_121732","Huntington","1732","0","94"
"10","GO401_1265","GO401_121734","Huntington","1734","0","94"
"10","GO401_1265","GO401_121736","Huntington","1736","0","94"
"10","GO401_1265","GO401_121738","Huntington","1738","0","94"
"10","GO401_1265","GO401_121740","Huntington","1740","0","94"
"10","GO401_1265","GO401_121742","Huntington","1742","0","94"
"10","GO401_1265","GO401_121744","Huntington","1744","0","94"
"10","GO401_1265","GO401_121746","Huntington","1746","0","94"
"10","GO401_1265","GO401_121750","Huntington","1750","0","94"
"10","GO401_1265","GO401_121752","Huntington","1752","0","94"
"10","GO401_1265","GO401_121754","Huntington","1754","0","94"
"4","GO401_1265","GO401_122000","Ronkonkoma","2000","0","101"
"4","GO401_1265","GO401_122001","Penn Station","2001","0","102"
"4","GO401_1265","GO401_122002","Ronkonkoma","2002","0","101"
"4","GO401_1265","GO401_122003","Penn Station","2003","0","102"
"4","GO401_1265","GO401_122004","Ronkonkoma","2004","0","101"
"4","GO401_1265","GO401_122005","Penn Station","2005","0","102"
"4","GO401_1265","GO401_122006","Ronkonkoma","2006","0","101"
"4","GO401_1265","GO401_122007","Penn Station","2007","0","102"
"4","GO401_1265","GO401_122008","Ronkonkoma","2008","0","101"
"4","GO401_1265","GO401_122009","Penn Station","2009","0","102"
"4","GO401_1293","GO401_122010","Ronkonkoma","2010","0","101"
"4","GO401_1265","GO401_122011","Penn Station","2011","0","102"
"4","GO401_1293","GO401_122012","Ronkonkoma","2012","0","101"
"4","GO401_1265","GO401_122013","Penn Station","2013","0","102"
"4","GO401_1293","GO401_122014","Ronkonkoma","2014","0","101"
"4","GO401_1265","GO401_122015","Penn Station","2015","0","102"
"4","GO401_1293","GO401_122016","Ronkonkoma","2016","0","101"
"4","GO401_1265","GO401_122017","Penn Station","2017","0","103"
"4","GO401_1265","GO401_122019","Atlantic Terminal","2019","0","104"
"4","GO401_1265","GO401_122021","Penn Station","2021","0","102"
"4","GO401_1265","GO401_122023","Penn Station","2023","0","102"
"4","GO401_1265","GO401_122025","Penn Station","2025","0","102"
"4","GO401_1265","GO401_122031","Atlantic Terminal","2031","0","104"
"4","GO401_1265","GO401_122033","Penn Station","2033","0","102"
"4","GO401_1265","GO401_122035","Penn Station","2035","0","102"
"4","GO401_1293","GO401_122037","Penn Station","2037","0","102"
"4","GO401_1293","GO401_122039","Penn Station","2039","0","102"
"4","GO401_1293","GO401_122041","Penn Station","2041","0","102"
"4","GO401_1293","GO401_122050","Ronkonkoma","2050","0","101"
"4","GO401_1293","GO401_122051","Penn Station","2051","0","102"
"4","GO401_1293","GO401_122052","Ronkonkoma","2052","0","101"
"4","GO401_1293","GO401_122053","Penn Station","2053","0","102"
"4","GO401_1265","GO401_122054","Ronkonkoma","2054","0","101"
"4","GO401_1293","GO401_122055","Penn Station","2055","0","102"
"4","GO401_1265","GO401_122056","Ronkonkoma","2056","0","101"
"4","GO401_1265","GO401_122057","Penn Station","2057","0","102"
"4","GO401_1265","GO401_122058","Ronkonkoma","2058","0","101"
"4","GO401_1265","GO401_122059","Penn Station","2059","0","102"
"4","GO401_1265","GO401_122060","Ronkonkoma","2060","0","101"
"4","GO401_1265","GO401_122061","Penn Station","2061","0","102"
"4","GO401_1265","GO401_122062","Ronkonkoma","2062","0","101"
"4","GO401_1265","GO401_122063","Penn Station","2063","0","102"
"4","GO401_1265","GO401_122064","Ronkonkoma","2064","0","101"
"4","GO401_1265","GO401_122065","Penn Station","2065","0","102"
"4","GO401_1265","GO401_122066","Ronkonkoma","2066","0","101"
"4","GO401_1265","GO401_122067","Penn Station","2067","0","102"
"4","GO401_1265","GO401_122068","Ronkonkoma","2068","0","105"
"4","GO401_1265","GO401_122070","Ronkonkoma","2070","0","101"
"4","GO401_1265","GO401_122071","Penn Station","2071","0","102"
"4","GO401_1265","GO401_122072","Ronkonkoma","2072","0","101"
"4","GO401_1265","GO401_122073","Penn Station","2073","0","102"
"4","GO401_1265","GO401_122076","Ronkonkoma","2076","0","106"
"4","GO401_1265","GO401_122078","Ronkonkoma","2078","0","101"
"4","GO401_1265","GO401_122080","Ronkonkoma","2080","0","101"
"4","GO401_1265","GO401_122082","Ronkonkoma","2082","0","101"
"4","GO401_1265","GO401_122084","Ronkonkoma","2084","0","101"
"4","GO401_1265","GO401_122086","Ronkonkoma","2086","0","101"
"4","GO401_1265","GO401_122088","Ronkonkoma","2088","0","101"
"4","GO401_1265","GO401_122090","Ronkonkoma","2090","0","101"
"4","GO401_1265","GO401_122092","Ronkonkoma","2092","0","101"
"4","GO401_1265","GO401_122094","Ronkonkoma","2094","0","101"
"4","GO401_1265","GO401_122098","Ronkonkoma","2098","0","101"
"4","GO401_1265","GO401_122099","Penn Station","2099","0","102"
"4","GO401_1265","GO401_122300","Farmingdale","2300","0","107"
"4","GO401_1265","GO401_122301","Penn Station","2301","0","108"
"4","GO401_1265","GO401_122303","Penn Station","2303","0","108"
"4","GO401_1265","GO401_122309","Penn Station","2309","0","109"
"4","GO401_1265","GO401_122350","Farmingdale","2350","0","107"
"4","GO401_1265","GO401_122351","Penn Station","2351","0","108"
"10","GO401_1265","GO401_122401","Penn Station","2401","0","110"
"10","GO401_1265","GO401_122403","Penn Station","2403","0","110"
"5","GO401_1265","GO401_122701","Babylon","2701","0","111"
"5","GO401_1265","GO401_122702","Montauk","2702","0","112"
"5","GO401_1265","GO401_122703","Long Island City","2703","0","113"
"5","GO401_1265","GO401_122704","Montauk","2704","0","114"
"5","GO401_129","GO401_122705","Hunterspoint Avenue","2705","0","115"
"5","GO401_1265","GO401_122706","Montauk","2706","0","116"
"5","GO401_1265","GO401_122707","Jamaica","2707","0","117"
"5","GO401_1211","GO401_122708","Montauk","2708","0","118"
"5","GO401_1265","GO401_122709","Jamaica","2709","0","119"
"5","GO401_1216","GO401_122710","Montauk","2710","0","120"
"5","GO401_1265","GO401_122711","Jamaica","2711","0","121"
"5","GO401_1212","GO401_122712","Montauk","2712","0","118"
"5","GO401_1211","GO401_122714","Montauk","2714","0","122"
"5","GO401_1265","GO401_122716","Montauk","2716","0","112"
"5","GO401_1212","GO401_122718","Montauk","2718","0","116"
"5","GO401_1265","GO401_122720","Montauk","2720","0","123"
"5","GO401_1265","GO401_122730","Speonk","2730","0","124"
"5","GO401_1265","GO401_122731","Babylon","2731","0","125"
"5","GO401_1265","GO401_122732","Speonk","2732","0","124"
"5","GO401_1265","GO401_122733","Penn Station","2733","0","126"
"5","GO401_1218","GO401_122734","Speonk","2734","0","127"
"5","GO401_1265","GO401_122735","Long Island City","2735","0","128"
"5","GO401_1265","GO401_122736","Speonk","2736","0","124"
"5","GO401_1265","GO401_122737","Penn Station","2737","0","129"
"5","GO401_1265","GO401_122738","Speonk","2738","0","124"
"5","GO401_1265","GO401_122739","Hunterspoint Avenue","2739","0","130"
"5","GO401_1265","GO401_122740","Speonk","2740","0","124"
"5","GO401_1265","GO401_122741","Babylon","2741","0","125"
"5","GO401_1265","GO401_122743","Jamaica","2743","0","131"
"5","GO401_1265","GO401_122745","Jamaica","2745","0","132"
"5","GO401_1265","GO401_122747","Babylon","2747","0","125"
"5","GO401_1265","GO401_122761","Babylon","2761","0","133"
"5","GO401_1265","GO401_122762","Patchogue","2762","0","134"
"5","GO401_1265","GO401_122764","Patchogue","2764","0","135"
"5","GO401_1265","GO401_122765","Babylon","2765","0","133"
"5","GO401_1265","GO401_122766","Patchogue","2766","0","136"
"5","GO401_1265","GO401_122767","Babylon","2767","0","133"
"5","GO401_1265","GO401_122768","Patchogue","2768","0","134"
"5","GO401_1265","GO401_122769","Babylon","2769","0","133"
"5","GO401_1265","GO401_122770","Patchogue","2770","0","134"
"5","GO401_1265","GO401_122771","Babylon","2771","0","133"
"5","GO401_1265","GO401_122772","Patchogue","2772","0","137"
"5","GO401_1265","GO401_122773","Babylon","2773","0","133"
"5","GO401_1265","GO401_122774","Patchogue","2774","0","134"
"5","GO401_1265","GO401_122775","Babylon","2775","0","133"
"5","GO401_1265","GO401_122777","Babylon","2777","0","133"
"5","GO401_1265","GO401_122778","Patchogue","2778","0","138"
"5","GO401_1265","GO401_122779","Babylon","2779","0","133"
"5","GO401_1265","GO401_122780","Patchogue","2780","0","134"
"5","GO401_1211","GO401_122798","Montauk","2798","0","120"
"7","GO401_1265","GO401_122800","Far Rockaway","2800","0","139"
"7","GO401_1265","GO401_122801","Jamaica","2801","0","140"
"7","GO401_1265","GO401_122802","Far Rockaway","2802","0","139"
"7","GO401_1265","GO401_122803","Jamaica","2803","0","140"
"7","GO401_1265","GO401_122804","Far Rockaway","2804","0","139"
"7","GO401_1265","GO401_122805","Jamaica","2805","0","140"
"7","GO401_1265","GO401_122806","Far Rockaway","2806","0","141"
"7","GO401_1265","GO401_122807","Atlantic Terminal","2807","0","142"
"7","GO401_1265","GO401_122809","Penn Station","2809","0","143"
"7","GO401_1265","GO401_122810","Far Rockaway","2810","0","141"
"7","GO401_1265","GO401_122811","Atlantic Terminal","2811","0","142"
"7","GO401_1265","GO401_122812","Far Rockaway","2812","0","141"
"7","GO401_1265","GO401_122813","Penn Station","2813","0","143"
"7","GO401_1265","GO401_122814","Far Rockaway","2814","0","141"
"7","GO401_1265","GO401_122815","Penn Station","2815","0","143"
"7","GO401_1265","GO401_122816","Far Rockaway","2816","0","141"
"7","GO401_1265","GO401_122817","Atlantic Terminal","2817","0","142"
"7","GO401_1265","GO401_122818","Far Rockaway","2818","0","141"
"7","GO401_1265","GO401_122819","Penn Station","2819","0","144"
"7","GO401_1265","GO401_122820","Far Rockaway","2820","0","141"
"7","GO401_1265","GO401_122821","Penn Station","2821","0","143"
"7","GO401_1265","GO401_122823","Penn Station","2823","0","143"
"7","GO401_1265","GO401_122825","Penn Station","2825","0","143"
"7","GO401_1265","GO401_122827","Atlantic Terminal","2827","0","142"
"7","GO401_1265","GO401_122829","Atlantic Terminal","2829","0","142"
"7","GO401_1265","GO401_122831","Atlantic Terminal","2831","0","142"
"7","GO401_1265","GO401_122833","Atlantic Terminal","2833","0","142"
"7","GO401_1265","GO401_122850","Far Rockaway","2850","0","141"
"7","GO401_1265","GO401_122851","Atlantic Terminal","2851","0","142"
"7","GO401_1265","GO401_122852","Far Rockaway","2852","0","141"
"7","GO401_1265","GO401_122853","Atlantic Terminal","2853","0","142"
"7","GO401_1265","GO401_122854","Far Rockaway","2854","0","141"
"7","GO401_1265","GO401_122855","Atlantic Terminal","2855","0","142"
"7","GO401_1265","GO401_122856","Far Rockaway","2856","0","141"
"7","GO401_1265","GO401_122857","Atlantic Terminal","2857","0","142"
"7","GO401_128","GO401_122858","Far Rockaway","2858","0","145"
"7","GO401_1265","GO401_122859","Atlantic Terminal","2859","0","142"
"7","GO401_1265","GO401_122860","Far Rockaway","2860","0","141"
"7","GO401_1265","GO401_122861","Atlantic Terminal","2861","0","142"
"7","GO401_1265","GO401_122862","Far Rockaway","2862","0","141"
"12","GO401_1265","GO401_122863","Atlantic Terminal","2863","0","146"
"7","GO401_1265","GO401_122864","Far Rockaway","2864","0","145"
"7","GO401_1265","GO401_122865","Atlantic Terminal","2865","0","142"
"7","GO401_1265","GO401_122866","Far Rockaway","2866","0","141"
"7","GO401_1265","GO401_122867","Atlantic Terminal","2867","0","142"
"7","GO401_1265","GO401_122868","Far Rockaway","2868","0","145"
"7","GO401_1265","GO401_122869","Atlantic Terminal","2869","0","142"
"7","GO401_1265","GO401_122870","Far Rockaway","2870","0","141"
"7","GO401_1265","GO401_122871","Atlantic Terminal","2871","0","142"
"7","GO401_1265","GO401_122872","Far Rockaway","2872","0","145"
"7","GO401_1265","GO401_122873","Atlantic Terminal","2873","0","142"
"7","GO401_1265","GO401_122874","Far Rockaway","2874","0","141"
"7","GO401_1265","GO401_122875","Atlantic Terminal","2875","0","142"
"7","GO401_1265","GO401_122876","Far Rockaway","2876","0","141"
"7","GO401_1265","GO401_122877","Jamaica","2877","0","140"
"7","GO401_1265","GO401_122878","Far Rockaway","2878","0","141"
"7","GO401_1265","GO401_122880","Far Rockaway","2880","0","141"
"7","GO401_1265","GO401_122882","Far Rockaway","2882","0","141"
"7","GO401_1265","GO401_122884","Far Rockaway","2884","0","141"
"7","GO401_1265","GO401_122886","Far Rockaway","2886","0","141"
"7","GO401_1265","GO401_122899","Penn Station","2899","0","143"
"4","GO401_1290","GO401_123300","Greenport","3300","0","13"
"4","GO401_1290","GO401_123301","Ronkonkoma","3301","0","7"
"4","GO401_1290","GO401_123302","Greenport","3302","0","147"
"4","GO401_1290","GO401_123303","Riverhead","3303","0","148"
"4","GO401_1290","GO401_123304","Greenport","3304","0","147"
"4","GO401_1294","GO401_123310","Ronkonkoma","3310","0","101"
"4","GO401_1294","GO401_123311","Penn Station","3311","0","102"
"4","GO401_1294","GO401_123312","Ronkonkoma","3312","0","101"
"4","GO401_1294","GO401_123313","Penn Station","3313","0","102"
"4","GO401_1294","GO401_123314","Ronkonkoma","3314","0","101"
"4","GO401_1294","GO401_123315","Penn Station","3315","0","102"
"4","GO401_1294","GO401_123316","Ronkonkoma","3316","0","101"
"4","GO401_1294","GO401_123317","Penn Station","3317","0","102"
"4","GO401_1294","GO401_123318","Ronkonkoma","3318","0","101"
"4","GO401_1294","GO401_123319","Penn Station","3319","0","102"
"4","GO401_1294","GO401_123320","Ronkonkoma","3320","0","101"
"4","GO401_1294","GO401_123321","Penn Station","3321","0","102"
"5","GO401_1237","GO401_123422","Hampton Bays","3422","0","149"
"5","GO401_1237","GO401_123425","Jamaica","3425","0","150"
"10","GO401_1291","GO401_123900","Huntington","3900","0","94"
"11","GO401_1285","GO401_124010","Belmont","4010","0","151"
"11","GO401_1285","GO401_124011","Jamaica","4011","0","152"
"11","GO401_1285","GO401_124012","Belmont","4012","0","153"
"11","GO401_1285","GO401_124013","Penn Station","4013","0","154"
"11","GO401_1292","GO401_124020","Belmont","4020","0","151"
"11","GO401_1292","GO401_124021","Penn Station","4021","0","154"
"11","GO401_1292","GO401_124022","Belmont","4022","0","151"
"11","GO401_1292","GO401_124023","Penn Station","4023","0","154"
"11","GO401_1292","GO401_124024","Belmont","4024","0","151"
"11","GO401_1292","GO401_124025","Penn Station","4025","0","154"
"11","GO401_1292","GO401_124026","Belmont","4026","0","151"
"11","GO401_1292","GO401_124028","Belmont","4028","0","151"
"11","GO401_1292","GO401_124030","Belmont","4030","0","151"
"11","GO401_1292","GO401_124032","Belmont","4032","0","151"
"11","GO401_1292","GO401_124034","Belmont","4034","0","151"
"11","GO401_1292","GO401_124036","Belmont","4036","0","151"
"11","GO401_1292","GO401_124038","Belmont","4038","0","151"
"11","GO401_1292","GO401_124040","Belmont","4040","0","151"
"11","GO401_1292","GO401_124042","Belmont","4042","0","151"
"11","GO401_1292","GO401_124044","Belmont","4044","0","151"
"11","GO401_1292","GO401_124046","Belmont","4046","0","151"
"11","GO401_1292","GO401_124048","Belmont","4048","0","151"
"11","GO401_1292","GO401_124050","Belmont","4050","0","151"
"11","GO401_1292","GO401_124052","Belmont","4052","0","153"
"11","GO401_1292","GO401_124054","Belmont","4054","0","153"
"11","GO401_1287","GO401_124070","Belmont","4070","0","151"
"11","GO401_1287","GO401_124071","Jamaica","4071","0","152"
"11","GO401_1287","GO401_124072","Belmont","4072","0","153"
"11","GO401_1287","GO401_124073","Penn Station","4073","0","154"
"11","GO401_1286","GO401_124091","Jamaica","4091","0","152"
"11","GO401_1286","GO401_124092","Belmont","4092","0","151"
"11","GO401_1286","GO401_124093","Penn Station","4093","0","154"
"11","GO401_1286","GO401_124094","Belmont","4094","0","153"
"1","GO401_1273","GO401_126000","Babylon","6000","0","5"
"1","GO401_1273","GO401_126001","Penn Station","6001","0","1"
"1","GO401_1273","GO401_126002","Babylon","6002","0","5"
"1","GO401_1273","GO401_126003","Penn Station","6003","0","2"
"1","GO401_1273","GO401_126004","Babylon","6004","0","5"
"1","GO401_1273","GO401_126005","Penn Station","6005","0","2"
"1","GO401_1273","GO401_126006","Babylon","6006","0","5"
"1","GO401_1273","GO401_126007","Penn Station","6007","0","2"
"1","GO401_1273","GO401_126008","Babylon","6008","0","5"
"1","GO401_1273","GO401_126009","Penn Station","6009","0","2"
"1","GO401_1273","GO401_126010","Babylon","6010","0","5"
"1","GO401_1273","GO401_126011","Penn Station","6011","0","1"
"1","GO401_1273","GO401_126012","Babylon","6012","0","0"
"1","GO401_1273","GO401_126014","Babylon","6014","0","0"
"1","GO401_1273","GO401_126015","Penn Station","6015","0","1"
"1","GO401_1273","GO401_126016","Babylon","6016","0","0"
"1","GO401_1273","GO401_126017","Penn Station","6017","0","2"
"1","GO401_1273","GO401_126018","Babylon","6018","0","0"
"1","GO401_1273","GO401_126019","Penn Station","6019","0","1"
"1","GO401_1273","GO401_126020","Babylon","6020","0","0"
"1","GO401_1273","GO401_126021","Penn Station","6021","0","1"
"1","GO401_1273","GO401_126022","Babylon","6022","0","0"
"1","GO401_1273","GO401_126023","Penn Station","6023","0","1"
"1","GO401_1273","GO401_126024","Babylon","6024","0","0"
"1","GO401_1273","GO401_126025","Penn Station","6025","0","1"
"1","GO401_1273","GO401_126026","Babylon","6026","0","0"
"1","GO401_1273","GO401_126027","Penn Station","6027","0","1"
"1","GO401_1273","GO401_126030","Babylon","6030","0","0"
"1","GO401_1273","GO401_126031","Penn Station","6031","0","1"
"1","GO401_1273","GO401_126032","Babylon","6032","0","0"
"1","GO401_1273","GO401_126033","Penn Station","6033","0","1"
"1","GO401_1273","GO401_126034","Babylon","6034","0","0"
"1","GO401_1273","GO401_126035","Penn Station","6035","0","1"
"1","GO401_1273","GO401_126100","Babylon","6100","0","0"
"1","GO401_1273","GO401_126101","Penn Station","6101","0","1"
"1","GO401_1273","GO401_126102","Babylon","6102","0","0"
"1","GO401_1273","GO401_126103","Penn Station","6103","0","1"
"1","GO401_1273","GO401_126104","Babylon","6104","0","0"
"1","GO401_1273","GO401_126105","Penn Station","6105","0","1"
"1","GO401_1273","GO401_126107","Penn Station","6107","0","1"
"1","GO401_1273","GO401_126108","Babylon","6108","0","0"
"1","GO401_1273","GO401_126109","Penn Station","6109","0","1"
"1","GO401_1273","GO401_126110","Babylon","6110","0","0"
"1","GO401_1273","GO401_126111","Penn Station","6111","0","1"
"1","GO401_1273","GO401_126112","Babylon","6112","0","0"
"1","GO401_1273","GO401_126113","Penn Station","6113","0","1"
"1","GO401_1273","GO401_126114","Babylon","6114","0","0"
"1","GO401_1273","GO401_126115","Penn Station","6115","0","1"
"1","GO401_1273","GO401_126116","Babylon","6116","0","0"
"1","GO401_1273","GO401_126118","Babylon","6118","0","0"
"1","GO401_1273","GO401_126119","Penn Station","6119","0","1"
"1","GO401_1273","GO401_126120","Babylon","6120","0","0"
"1","GO401_1273","GO401_126121","Penn Station","6121","0","1"
"1","GO401_1273","GO401_126122","Babylon","6122","0","0"
"1","GO401_1273","GO401_126124","Babylon","6124","0","0"
"1","GO401_1273","GO401_126125","Penn Station","6125","0","1"
"1","GO401_1273","GO401_126126","Babylon","6126","0","0"
"1","GO401_1273","GO401_126127","Penn Station","6127","0","1"
"1","GO401_1273","GO401_126128","Babylon","6128","0","0"
"1","GO401_1273","GO401_126129","Penn Station","6129","0","1"
"1","GO401_1273","GO401_126130","Babylon","6130","0","0"
"1","GO401_1273","GO401_126131","Penn Station","6131","0","1"
"1","GO401_1273","GO401_126132","Babylon","6132","0","0"
"1","GO401_1273","GO401_126133","Penn Station","6133","0","1"
"1","GO401_1273","GO401_126134","Babylon","6134","0","0"
"1","GO401_1273","GO401_126135","Penn Station","6135","0","1"
"1","GO401_1273","GO401_126136","Babylon","6136","0","0"
"1","GO401_1273","GO401_126137","Penn Station","6137","0","1"
"1","GO401_1273","GO401_126138","Babylon","6138","0","0"
"1","GO401_1273","GO401_126140","Babylon","6140","0","0"
"1","GO401_1273","GO401_126141","Penn Station","6141","0","1"
"1","GO401_1273","GO401_126142","Babylon","6142","0","0"
"1","GO401_1273","GO401_126143","Penn Station","6143","0","1"
"1","GO401_1273","GO401_126144","Babylon","6144","0","0"
"1","GO401_1273","GO401_126145","Penn Station","6145","0","1"
"1","GO401_1273","GO401_126146","Babylon","6146","0","0"
"1","GO401_1273","GO401_126147","Penn Station","6147","0","1"
"1","GO401_1273","GO401_126148","Babylon","6148","0","0"
"1","GO401_1273","GO401_126149","Penn Station","6149","0","1"
"1","GO401_1273","GO401_126151","Penn Station","6151","0","1"
"1","GO401_1273","GO401_126153","Penn Station","6153","0","2"
"4","GO401_1222","GO401_126200","Greenport","6200","0","13"
"4","GO401_1222","GO401_126201","Ronkonkoma","6201","0","7"
"4","GO401_1222","GO401_126202","Greenport","6202","0","13"
"4","GO401_1222","GO401_126203","Ronkonkoma","6203","0","7"
"9","GO401_1200006400","GO401_126400","Port Washington","6400","0","18"
"9","GO401_1200006401","GO401_126401","Penn Station","6401","0","19"
"9","GO401_1200006402","GO401_126402","Port Washington","6402","0","18"
"9","GO401_1273","GO401_126403","Penn Station","6403","0","19"
"9","GO401_1273","GO401_126404","Port Washington","6404","0","18"
"9","GO401_1273","GO401_126405","Penn Station","6405","0","19"
"9","GO401_1273","GO401_126406","Port Washington","6406","0","18"
"9","GO401_1273","GO401_126407","Penn Station","6407","0","19"
"9","GO401_1273","GO401_126408","Port Washington","6408","0","18"
"9","GO401_1273","GO401_126410","Port Washington","6410","0","18"
"9","GO401_1273","GO401_126411","Penn Station","6411","0","19"
"9","GO401_1273","GO401_126414","Port Washington","6414","0","18"
"9","GO401_1273","GO401_126415","Penn Station","6415","0","19"
"9","GO401_1273","GO401_126418","Port Washington","6418","0","18"
"9","GO401_1273","GO401_126419","Penn Station","6419","0","19"
"9","GO401_1200006422","GO401_126422","Port Washington","6422","0","18"
"9","GO401_1200006423","GO401_126423","Penn Station","6423","0","19"
"9","GO401_1200006426","GO401_126426","Port Washington","6426","0","18"
"9","GO401_1200006427","GO401_126427","Penn Station","6427","0","19"
"9","GO401_1200006431","GO401_126431","Penn Station","6431","0","19"
"9","GO401_1200006450","GO401_126450","Port Washington","6450","0","18"
"9","GO401_1200006453","GO401_126453","Penn Station","6453","0","19"
"9","GO401_1200006454","GO401_126454","Port Washington","6454","0","18"
"9","GO401_1200006457","GO401_126457","Penn Station","6457","0","19"
"9","GO401_1200006458","GO401_126458","Port Washington","6458","0","18"
"9","GO401_1200006461","GO401_126461","Penn Station","6461","0","19"
"9","GO401_1200006462","GO401_126462","Port Washington","6462","0","18"
"9","GO401_1200006465","GO401_126465","Penn Station","6465","0","19"
"9","GO401_1200006466","GO401_126466","Port Washington","6466","0","18"
"9","GO401_1200006469","GO401_126469","Penn Station","6469","0","19"
"9","GO401_1200006470","GO401_126470","Port Washington","6470","0","18"
"9","GO401_1200006473","GO401_126473","Penn Station","6473","0","19"
"9","GO401_1200006474","GO401_126474","Port Washington","6474","0","18"
"9","GO401_1200006477","GO401_126477","Penn Station","6477","0","19"
"9","GO401_1200006478","GO401_126478","Port Washington","6478","0","18"
"9","GO401_1200006481","GO401_126481","Penn Station","6481","0","19"
"9","GO401_1200006482","GO401_126482","Port Washington","6482","0","18"
"9","GO401_1200006485","GO401_126485","Penn Station","6485","0","19"
"9","GO401_1200006486","GO401_126486","Port Washington","6486","0","18"
"9","GO401_1200006489","GO401_126489","Penn Station","6489","0","19"
"9","GO401_1200006490","GO401_126490","Port Washington","6490","0","18"
"9","GO401_1200006493","GO401_126493","Penn Station","6493","0","19"
"9","GO401_1200006494","GO401_126494","Port Washington","6494","0","18"
"9","GO401_1200006497","GO401_126497","Penn Station","6497","0","19"
"3","GO401_1273","GO401_126501","Jamaica","6501","0","24"
"3","GO401_1273","GO401_126502","Oyster Bay","6502","0","20"
"3","GO401_1273","GO401_126504","Oyster Bay","6504","0","20"
"3","GO401_1273","GO401_126505","Jamaica","6505","0","24"
"3","GO401_1273","GO401_126506","Oyster Bay","6506","0","20"
"3","GO401_1273","GO401_126507","Jamaica","6507","0","24"
"3","GO401_1273","GO401_126550","Oyster Bay","6550","0","20"
"3","GO401_1273","GO401_126551","Jamaica","6551","0","24"
"3","GO401_1273","GO401_126552","Oyster Bay","6552","0","20"
"3","GO401_1273","GO401_126554","Oyster Bay","6554","0","20"
"3","GO401_1273","GO401_126555","Jamaica","6555","0","24"
"3","GO401_1273","GO401_126556","Oyster Bay","6556","0","20"
"3","GO401_1273","GO401_126557","Jamaica","6557","0","24"
"3","GO401_1273","GO401_126558","Oyster Bay","6558","0","20"
"3","GO401_1273","GO401_126559","Jamaica","6559","0","24"
"3","GO401_1273","GO401_126560","Oyster Bay","6560","0","20"
"3","GO401_1273","GO401_126561","Jamaica","6561","0","24"
"3","GO401_1273","GO401_126562","Oyster Bay","6562","0","20"
"3","GO401_1273","GO401_126563","Jamaica","6563","0","24"
"3","GO401_1273","GO401_126565","Jamaica","6565","0","24"
"10","GO401_1273","GO401_126600","Port Jefferson","6600","0","33"
"10","GO401_1273","GO401_126601","Jamaica","6601","0","155"
"10","GO401_1273","GO401_126602","Port Jefferson","6602","0","35"
"10","GO401_1273","GO401_126603","Huntington","6603","0","34"
"10","GO401_1273","GO401_126604","Port Jefferson","6604","0","46"
"10","GO401_1273","GO401_126605","Huntington","6605","0","34"
"10","GO401_1273","GO401_126606","Port Jefferson","6606","0","46"
"10","GO401_1273","GO401_126607","Huntington","6607","0","34"
"10","GO401_1273","GO401_126608","Port Jefferson","6608","0","46"
"10","GO401_1273","GO401_126609","Huntington","6609","0","34"
"10","GO401_1273","GO401_126610","Port Jefferson","6610","0","33"
"10","GO401_1273","GO401_126611","Huntington","6611","0","34"
"10","GO401_1273","GO401_126651","Huntington","6651","0","43"
"10","GO401_1273","GO401_126652","Port Jefferson","6652","0","50"
"10","GO401_1273","GO401_126653","Huntington","6653","0","43"
"10","GO401_1273","GO401_126654","Port Jefferson","6654","0","33"
"10","GO401_1273","GO401_126655","Huntington","6655","0","34"
"10","GO401_1273","GO401_126656","Port Jefferson","6656","0","46"
"10","GO401_1273","GO401_126657","Huntington","6657","0","43"
"10","GO401_1273","GO401_126658","Port Jefferson","6658","0","50"
"10","GO401_1273","GO401_126659","Huntington","6659","0","34"
"10","GO401_1273","GO401_126660","Port Jefferson","6660","0","50"
"10","GO401_1273","GO401_126661","Huntington","6661","0","34"
"10","GO401_1273","GO401_126662","Port Jefferson","6662","0","50"
"10","GO401_1273","GO401_126663","Huntington","6663","0","34"
"10","GO401_1273","GO401_126664","Port Jefferson","6664","0","50"
"10","GO401_1273","GO401_126665","Huntington","6665","0","34"
"10","GO401_1273","GO401_126666","Port Jefferson","6666","0","50"
"2","GO401_1273","GO401_126700","Hempstead","6700","0","52"
"2","GO401_1273","GO401_126701","Jamaica","6701","0","53"
"2","GO401_1273","GO401_126702","Hempstead","6702","0","52"
"2","GO401_1273","GO401_126703","Jamaica","6703","0","53"
"2","GO401_1273","GO401_126704","Hempstead","6704","0","52"
"2","GO401_1273","GO401_126705","Jamaica","6705","0","53"
"2","GO401_1273","GO401_126706","Hempstead","6706","0","52"
"2","GO401_1273","GO401_126707","Jamaica","6707","0","53"
"2","GO401_1273","GO401_126708","Hempstead","6708","0","56"
"2","GO401_1273","GO401_126709","Atlantic Terminal","6709","0","55"
"2","GO401_1273","GO401_126710","Hempstead","6710","0","56"
"2","GO401_1273","GO401_126711","Atlantic Terminal","6711","0","55"
"2","GO401_1273","GO401_126712","Hempstead","6712","0","56"
"2","GO401_1273","GO401_126713","Atlantic Terminal","6713","0","55"
"2","GO401_1273","GO401_126714","Hempstead","6714","0","56"
"2","GO401_1273","GO401_126716","Hempstead","6716","0","56"
"2","GO401_1273","GO401_126717","Atlantic Terminal","6717","0","55"
"2","GO401_1273","GO401_126718","Hempstead","6718","0","56"
"2","GO401_1273","GO401_126719","Atlantic Terminal","6719","0","55"
"2","GO401_1273","GO401_126721","Atlantic Terminal","6721","0","55"
"2","GO401_1273","GO401_126750","Hempstead","6750","0","56"
"2","GO401_1273","GO401_126751","Atlantic Terminal","6751","0","55"
"2","GO401_1273","GO401_126752","Hempstead","6752","0","56"
"2","GO401_1273","GO401_126753","Atlantic Terminal","6753","0","55"
"2","GO401_1273","GO401_126754","Hempstead","6754","0","56"
"2","GO401_1273","GO401_126755","Atlantic Terminal","6755","0","55"
"2","GO401_1273","GO401_126756","Hempstead","6756","0","56"
"2","GO401_1273","GO401_126757","Atlantic Terminal","6757","0","55"
"2","GO401_1273","GO401_126758","Hempstead","6758","0","56"
"2","GO401_1273","GO401_126759","Atlantic Terminal","6759","0","55"
"2","GO401_1273","GO401_126760","Hempstead","6760","0","56"
"2","GO401_1273","GO401_126761","Atlantic Terminal","6761","0","55"
"2","GO401_1273","GO401_126762","Hempstead","6762","0","56"
"2","GO401_1273","GO401_126763","Atlantic Terminal","6763","0","55"
"2","GO401_1273","GO401_126764","Hempstead","6764","0","56"
"2","GO401_1273","GO401_126765","Atlantic Terminal","6765","0","55"
"2","GO401_1273","GO401_126766","Hempstead","6766","0","56"
"2","GO401_1273","GO401_126767","Atlantic Terminal","6767","0","55"
"2","GO401_1273","GO401_126768","Hempstead","6768","0","56"
"2","GO401_1273","GO401_126769","Atlantic Terminal","6769","0","55"
"2","GO401_1273","GO401_126770","Hempstead","6770","0","56"
"2","GO401_1273","GO401_126771","Atlantic Terminal","6771","0","55"
"2","GO401_1273","GO401_126772","Hempstead","6772","0","56"
"2","GO401_1273","GO401_126773","Jamaica","6773","0","53"
"6","GO401_1273","GO401_126801","Jamaica","6801","0","58"
"6","GO401_1273","GO401_126802","Long Beach","6802","0","156"
"6","GO401_1273","GO401_126804","Long Beach","6804","0","156"
"6","GO401_1273","GO401_126805","Jamaica","6805","0","58"
"6","GO401_1273","GO401_126806","Long Beach","6806","0","59"
"6","GO401_1273","GO401_126807","Penn Station","6807","0","61"
"6","GO401_1273","GO401_126808","Long Beach","6808","0","59"
"6","GO401_1273","GO401_126809","Penn Station","6809","0","61"
"6","GO401_1273","GO401_126810","Long Beach","6810","0","59"
"6","GO401_1273","GO401_126812","Long Beach","6812","0","59"
"6","GO401_1273","GO401_126813","Penn Station","6813","0","61"
"6","GO401_1273","GO401_126814","Long Beach","6814","0","59"
"6","GO401_1273","GO401_126815","Penn Station","6815","0","61"
"6","GO401_1224","GO401_126816","Long Beach","6816","0","59"
"6","GO401_1273","GO401_126817","Penn Station","6817","0","61"
"6","GO401_1273","GO401_126818","Long Beach","6818","0","59"
"6","GO401_1273","GO401_126819","Penn Station","6819","0","61"
"6","GO401_1273","GO401_126820","Long Beach","6820","0","59"
"6","GO401_1273","GO401_126821","Penn Station","6821","0","61"
"6","GO401_1273","GO401_126850","Long Beach","6850","0","59"
"6","GO401_1273","GO401_126851","Penn Station","6851","0","61"
"6","GO401_1273","GO401_126852","Long Beach","6852","0","59"
"6","GO401_1273","GO401_126853","Penn Station","6853","0","61"
"6","GO401_1273","GO401_126854","Long Beach","6854","0","59"
"6","GO401_1273","GO401_126855","Penn Station","6855","0","61"
"6","GO401_1273","GO401_126856","Long Beach","6856","0","59"
"6","GO401_1273","GO401_126857","Penn Station","6857","0","61"
"6","GO401_1273","GO401_126858","Long Beach","6858","0","59"
"6","GO401_1273","GO401_126859","Penn Station","6859","0","61"
"6","GO401_1273","GO401_126860","Long Beach","6860","0","59"
"6","GO401_1224","GO401_126861","Penn Station","6861","0","61"
"6","GO401_1273","GO401_126862","Long Beach","6862","0","59"
"6","GO401_1273","GO401_126864","Long Beach","6864","0","59"
"6","GO401_1273","GO401_126865","Penn Station","6865","0","61"
"6","GO401_1273","GO401_126866","Long Beach","6866","0","59"
"6","GO401_1273","GO401_126867","Penn Station","6867","0","61"
"6","GO401_1273","GO401_126868","Long Beach","6868","0","59"
"6","GO401_1273","GO401_126869","Penn Station","6869","0","61"
"6","GO401_1273","GO401_126870","Long Beach","6870","0","59"
"6","GO401_1273","GO401_126871","Penn Station","6871","0","61"
"6","GO401_1273","GO401_126872","Long Beach","6872","0","59"
"6","GO401_1273","GO401_126875","Penn Station","6875","0","61"
"6","GO401_1273","GO401_126877","Penn Station","6877","0","61"
"6","GO401_1273","GO401_126879","Penn Station","6879","0","61"
"8","GO401_1227","GO401_126900","West Hempstead","6900","0","64"
"1","GO401_1224","GO401_127155","Penn Station","7155","0","85"
"1","GO401_1224","GO401_127157","Penn Station","7157","0","85"
"12","GO401_1273","GO401_127481","Atlantic Terminal","7481","0","157"
"10","GO401_1273","GO401_127601","Penn Station","7601","0","93"
"10","GO401_1273","GO401_127602","Huntington","7602","0","94"
"10","GO401_1273","GO401_127603","Penn Station","7603","0","93"
"10","GO401_1273","GO401_127604","Huntington","7604","0","94"
"10","GO401_1273","GO401_127605","Penn Station","7605","0","93"
"10","GO401_1273","GO401_127606","Huntington","7606","0","94"
"10","GO401_1273","GO401_127607","Penn Station","7607","0","93"
"10","GO401_1273","GO401_127608","Huntington","7608","0","94"
"10","GO401_1273","GO401_127609","Penn Station","7609","0","93"
"10","GO401_1273","GO401_127610","Huntington","7610","0","94"
"10","GO401_1273","GO401_127611","Penn Station","7611","0","93"
"10","GO401_1273","GO401_127612","Huntington","7612","0","94"
"10","GO401_1273","GO401_127613","Penn Station","7613","0","93"
"10","GO401_1273","GO401_127614","Huntington","7614","0","94"
"10","GO401_1273","GO401_127615","Penn Station","7615","0","93"
"10","GO401_1273","GO401_127616","Huntington","7616","0","94"
"10","GO401_1273","GO401_127617","Penn Station","7617","0","93"
"10","GO401_1273","GO401_127618","Huntington","7618","0","94"
"10","GO401_1273","GO401_127619","Penn Station","7619","0","93"
"10","GO401_1273","GO401_127620","Huntington","7620","0","94"
"10","GO401_1273","GO401_127621","Penn Station","7621","0","93"
"10","GO401_1273","GO401_127622","Huntington","7622","0","94"
"10","GO401_1273","GO401_127623","Penn Station","7623","0","93"
"10","GO401_1273","GO401_127624","Huntington","7624","0","94"
"10","GO401_1273","GO401_127625","Penn Station","7625","0","93"
"10","GO401_1273","GO401_127626","Huntington","7626","0","94"
"10","GO401_1273","GO401_127627","Penn Station","7627","0","93"
"10","GO401_1273","GO401_127628","Huntington","7628","0","94"
"10","GO401_1273","GO401_127629","Penn Station","7629","0","93"
"10","GO401_1273","GO401_127630","Huntington","7630","0","94"
"10","GO401_1273","GO401_127631","Penn Station","7631","0","93"
"10","GO401_1273","GO401_127700","Huntington","7700","0","94"
"10","GO401_1273","GO401_127701","Penn Station","7701","0","93"
"10","GO401_1273","GO401_127702","Huntington","7702","0","94"
"10","GO401_1273","GO401_127703","Penn Station","7703","0","93"
"10","GO401_1273","GO401_127704","Huntington","7704","0","94"
"10","GO401_1273","GO401_127705","Penn Station","7705","0","93"
"10","GO401_1273","GO401_127706","Huntington","7706","0","94"
"10","GO401_1273","GO401_127707","Penn Station","7707","0","93"
"10","GO401_1273","GO401_127708","Huntington","7708","0","94"
"10","GO401_1273","GO401_127709","Penn Station","7709","0","93"
"10","GO401_1273","GO401_127710","Huntington","7710","0","94"
"10","GO401_1273","GO401_127711","Penn Station","7711","0","93"
"10","GO401_1273","GO401_127712","Huntington","7712","0","94"
"10","GO401_1273","GO401_127713","Penn Station","7713","0","93"
"10","GO401_1273","GO401_127714","Huntington","7714","0","94"
"10","GO401_1273","GO401_127715","Penn Station","7715","0","93"
"10","GO401_1273","GO401_127716","Huntington","7716","0","94"
"10","GO401_1273","GO401_127717","Penn Station","7717","0","93"
"10","GO401_1273","GO401_127718","Huntington","7718","0","94"
"10","GO401_1273","GO401_127719","Penn Station","7719","0","93"
"10","GO401_1273","GO401_127720","Huntington","7720","0","94"
"10","GO401_1273","GO401_127721","Penn Station","7721","0","93"
"10","GO401_1273","GO401_127722","Huntington","7722","0","94"
"10","GO401_1273","GO401_127723","Penn Station","7723","0","93"
"10","GO401_1273","GO401_127724","Huntington","7724","0","94"
"10","GO401_1273","GO401_127725","Penn Station","7725","0","93"
"10","GO401_1273","GO401_127726","Huntington","7726","0","94"
"10","GO401_1273","GO401_127727","Penn Station","7727","0","93"
"10","GO401_1273","GO401_127728","Huntington","7728","0","94"
"10","GO401_1273","GO401_127729","Penn Station","7729","0","93"
"10","GO401_1273","GO401_127730","Huntington","7730","0","94"
"10","GO401_1273","GO401_127731","Penn Station","7731","0","93"
"10","GO401_1273","GO401_127732","Huntington","7732","0","94"
"10","GO401_1273","GO401_127733","Penn Station","7733","0","93"
"10","GO401_1273","GO401_127734","Huntington","7734","0","94"
"10","GO401_1273","GO401_127735","Penn Station","7735","0","93"
"10","GO401_1273","GO401_127736","Huntington","7736","0","94"
"10","GO401_1273","GO401_127737","Penn Station","7737","0","93"
"10","GO401_1273","GO401_127738","Huntington","7738","0","94"
"10","GO401_1273","GO401_127739","Penn Station","7739","0","93"
"10","GO401_1273","GO401_127740","Huntington","7740","0","94"
"10","GO401_1273","GO401_127742","Huntington","7742","0","94"
"10","GO401_1273","GO401_127743","Penn Station","7743","0","93"
"10","GO401_1273","GO401_127744","Huntington","7744","0","94"
"10","GO401_1273","GO401_127745","Penn Station","7745","0","93"
"10","GO401_1273","GO401_127746","Huntington","7746","0","94"
"10","GO401_1273","GO401_127747","Penn Station","7747","0","93"
"4","GO401_1273","GO401_128000","Ronkonkoma","8000","0","101"
"4","GO401_1273","GO401_128001","Penn Station","8001","0","102"
"4","GO401_1273","GO401_128002","Ronkonkoma","8002","0","101"
"4","GO401_1273","GO401_128003","Penn Station","8003","0","102"
"4","GO401_1273","GO401_128004","Ronkonkoma","8004","0","101"
"4","GO401_1273","GO401_128005","Penn Station","8005","0","102"
"4","GO401_1273","GO401_128006","Ronkonkoma","8006","0","101"
"4","GO401_1273","GO401_128007","Penn Station","8007","0","102"
"4","GO401_1273","GO401_128008","Ronkonkoma","8008","0","101"
"4","GO401_1273","GO401_128009","Penn Station","8009","0","102"
"4","GO401_1273","GO401_128010","Ronkonkoma","8010","0","101"
"4","GO401_1273","GO401_128011","Penn Station","8011","0","102"
"4","GO401_1273","GO401_128012","Ronkonkoma","8012","0","101"
"4","GO401_1273","GO401_128013","Penn Station","8013","0","102"
"4","GO401_1273","GO401_128014","Ronkonkoma","8014","0","101"
"4","GO401_1273","GO401_128015","Penn Station","8015","0","102"
"4","GO401_1273","GO401_128016","Ronkonkoma","8016","0","101"
"4","GO401_1273","GO401_128017","Penn Station","8017","0","102"
"4","GO401_1273","GO401_128018","Ronkonkoma","8018","0","101"
"4","GO401_1273","GO401_128019","Penn Station","8019","0","102"
"4","GO401_1273","GO401_128050","Ronkonkoma","8050","0","101"
"4","GO401_1273","GO401_128051","Penn Station","8051","0","102"
"4","GO401_1273","GO401_128052","Ronkonkoma","8052","0","101"
"4","GO401_1273","GO401_128053","Penn Station","8053","0","102"
"4","GO401_1273","GO401_128054","Ronkonkoma","8054","0","101"
"4","GO401_1273","GO401_128055","Penn Station","8055","0","102"
"4","GO401_1273","GO401_128056","Ronkonkoma","8056","0","101"
"4","GO401_1273","GO401_128057","Penn Station","8057","0","102"
"4","GO401_1273","GO401_128058","Ronkonkoma","8058","0","101"
"4","GO401_1273","GO401_128059","Penn Station","8059","0","102"
"4","GO401_1273","GO401_128060","Ronkonkoma","8060","0","101"
"4","GO401_1273","GO401_128061","Penn Station","8061","0","102"
"4","GO401_1273","GO401_128062","Ronkonkoma","8062","0","101"
"4","GO401_1273","GO401_128063","Penn Station","8063","0","102"
"4","GO401_1273","GO401_128064","Ronkonkoma","8064","0","101"
"4","GO401_1273","GO401_128065","Penn Station","8065","0","102"
"4","GO401_1273","GO401_128066","Ronkonkoma","8066","0","101"
"4","GO401_1273","GO401_128067","Penn Station","8067","0","102"
"4","GO401_1273","GO401_128068","Ronkonkoma","8068","0","101"
"4","GO401_1273","GO401_128069","Penn Station","8069","0","102"
"4","GO401_1273","GO401_128070","Ronkonkoma","8070","0","101"
"4","GO401_1273","GO401_128071","Penn Station","8071","0","102"
"4","GO401_1273","GO401_128072","Ronkonkoma","8072","0","101"
"4","GO401_1273","GO401_128073","Penn Station","8073","0","102"
"5","GO401_1273","GO401_128700","Montauk","8700","0","112"
"5","GO401_1273","GO401_128701","Jamaica","8701","0","121"
"5","GO401_1273","GO401_128702","Montauk","8702","0","112"
"5","GO401_1228","GO401_128703","Jamaica","8703","0","121"
"5","GO401_1273","GO401_128705","Jamaica","8705","0","121"
"5","GO401_1273","GO401_128706","Montauk","8706","0","112"
"5","GO401_1221","GO401_128707","Jamaica","8707","0","158"
"5","GO401_1273","GO401_128709","Jamaica","8709","0","121"
"5","GO401_1273","GO401_128710","Montauk","8710","0","112"
"5","GO401_1228","GO401_128711","Jamaica","8711","0","121"
"5","GO401_1273","GO401_128712","Montauk","8712","0","112"
"5","GO401_1273","GO401_128713","Jamaica","8713","0","121"
"5","GO401_1228","GO401_128715","Jamaica","8715","0","121"
"5","GO401_1273","GO401_128730","Speonk","8730","0","124"
"5","GO401_1273","GO401_128731","Jamaica","8731","0","159"
"5","GO401_1273","GO401_128732","Speonk","8732","0","160"
"5","GO401_1273","GO401_128733","Babylon","8733","0","161"
"5","GO401_1223","GO401_128734","Patchogue","8734","0","162"
"5","GO401_1273","GO401_128735","Babylon","8735","0","161"
"5","GO401_1224","GO401_128736","Speonk","8736","0","160"
"5","GO401_1273","GO401_128737","Babylon","8737","0","161"
"5","GO401_1273","GO401_128738","Speonk","8738","0","160"
"5","GO401_1273","GO401_128739","Babylon","8739","0","161"
"5","GO401_1273","GO401_128740","Speonk","8740","0","124"
"5","GO401_1273","GO401_128741","Jamaica","8741","0","163"
"5","GO401_1273","GO401_128742","Speonk","8742","0","160"
"5","GO401_1273","GO401_128743","Jamaica","8743","0","163"
"5","GO401_1224","GO401_128759","Jamaica","8759","0","164"
"5","GO401_1224","GO401_128760","Patchogue","8760","0","165"
"5","GO401_1273","GO401_128761","Babylon","8761","0","166"
"5","GO401_1224","GO401_128762","Patchogue","8762","0","167"
"5","GO401_1226","GO401_128763","Babylon","8763","0","166"
"5","GO401_1273","GO401_128764","Patchogue","8764","0","167"
"5","GO401_1273","GO401_128765","Jamaica","8765","0","164"
"5","GO401_1273","GO401_128766","Patchogue","8766","0","167"
"5","GO401_1273","GO401_128767","Babylon","8767","0","166"
"5","GO401_1273","GO401_128768","Patchogue","8768","0","167"
"5","GO401_1273","GO401_128769","Babylon","8769","0","166"
"5","GO401_1273","GO401_128770","Patchogue","8770","0","165"
"5","GO401_1273","GO401_128771","Babylon","8771","0","166"
"5","GO401_1273","GO401_128773","Jamaica","8773","0","168"
"5","GO401_1273","GO401_128774","Patchogue","8774","0","167"
"5","GO401_1220","GO401_128798","Patchogue","8798","0","167"
"5","GO401_1220","GO401_128799","Jamaica","8799","0","169"
"7","GO401_1273","GO401_128800","Far Rockaway","8800","0","139"
"7","GO401_1273","GO401_128801","Jamaica","8801","0","140"
"7","GO401_1273","GO401_128802","Far Rockaway","8802","0","170"
"7","GO401_1273","GO401_128803","Valley Stream","8803","0","171"
"7","GO401_1273","GO401_128804","Far Rockaway","8804","0","170"
"7","GO401_1273","GO401_128805","Atlantic Terminal","8805","0","142"
"7","GO401_1273","GO401_128806","Far Rockaway","8806","0","139"
"7","GO401_1273","GO401_128807","Penn Station","8807","0","143"
"7","GO401_1273","GO401_128808","Far Rockaway","8808","0","141"
"7","GO401_1273","GO401_128809","Atlantic Terminal","8809","0","142"
"7","GO401_1273","GO401_128810","Far Rockaway","8810","0","141"
"7","GO401_1273","GO401_128811","Atlantic Terminal","8811","0","142"
"7","GO401_1273","GO401_128812","Far Rockaway","8812","0","141"
"7","GO401_1273","GO401_128813","Atlantic Terminal","8813","0","142"
"7","GO401_1273","GO401_128814","Far Rockaway","8814","0","141"
"7","GO401_1273","GO401_128815","Atlantic Terminal","8815","0","142"
"7","GO401_1273","GO401_128816","Far Rockaway","8816","0","141"
"7","GO401_1273","GO401_128817","Atlantic Terminal","8817","0","142"
"7","GO401_1273","GO401_128818","Far Rockaway","8818","0","141"
"7","GO401_1273","GO401_128819","Atlantic Terminal","8819","0","142"
"7","GO401_1273","GO401_128850","Far Rockaway","8850","0","141"
"7","GO401_1273","GO401_128851","Atlantic Terminal","8851","0","142"
"7","GO401_1273","GO401_128852","Far Rockaway","8852","0","141"
"7","GO401_1273","GO401_128853","Atlantic Terminal","8853","0","142"
"7","GO401_1273","GO401_128854","Far Rockaway","8854","0","141"
"7","GO401_1273","GO401_128855","Atlantic Terminal","8855","0","142"
"7","GO401_1273","GO401_128856","Far Rockaway","8856","0","141"
"7","GO401_1273","GO401_128857","Atlantic Terminal","8857","0","142"
"7","GO401_1273","GO401_128858","Far Rockaway","8858","0","141"
"7","GO401_1273","GO401_128859","Atlantic Terminal","8859","0","142"
"7","GO401_1273","GO401_128860","Far Rockaway","8860","0","141"
"7","GO401_1273","GO401_128861","Atlantic Terminal","8861","0","142"
"7","GO401_1273","GO401_128862","Far Rockaway","8862","0","141"
"7","GO401_1273","GO401_128863","Atlantic Terminal","8863","0","142"
"7","GO401_1273","GO401_128864","Far Rockaway","8864","0","141"
"7","GO401_1273","GO401_128865","Atlantic Terminal","8865","0","142"
"7","GO401_1273","GO401_128866","Far Rockaway","8866","0","141"
"7","GO401_1273","GO401_128867","Atlantic Terminal","8867","0","142"
"7","GO401_1273","GO401_128868","Far Rockaway","8868","0","141"
"7","GO401_1273","GO401_128869","Atlantic Terminal","8869","0","142"
"7","GO401_1273","GO401_128870","Far Rockaway","8870","0","141"
"7","GO401_1273","GO401_128871","Atlantic Terminal","8871","0","142"
"7","GO401_1273","GO401_128872","Far Rockaway","8872","0","141"
"7","GO401_1273","GO401_128873","Jamaica","8873","0","140"
"9","GO401_129999313","SHEAGO401_12313","Penn Station","313","0","15"
"9","GO401_129999315","SHEAGO401_12315","Penn Station","315","0","15"
"9","GO401_129999351","SHEAGO401_12351","Penn Station","351","0","15"
"9","GO401_129999353","SHEAGO401_12353","Penn Station","353","0","15"
"9","GO401_129999355","SHEAGO401_12355","Penn Station","355","0","15"
"9","GO401_129999356","SHEAGO401_12356","Great Neck","356","0","14"
"9","GO401_129999358","SHEAGO401_12358","Great Neck","358","0","14"
"9","GO401_129999360","SHEAGO401_12360","Great Neck","360","0","14"
"9","GO401_129999362","SHEAGO401_12362","Great Neck","362","0","14"
"9","GO401_129999364","SHEAGO401_12364","Great Neck","364","0","17"
"9","GO401_129999366","SHEAGO401_12366","Great Neck","366","0","14"
"9","GO401_129999368","SHEAGO401_12368","Great Neck","368","0","14"
"9","GO401_129999370","SHEAGO401_12370","Great Neck","370","0","14"
"9","GO401_129999398","SHEAGO401_12398","Great Neck","398","0","14"
"9","GO401_129999400","SHEAGO401_12400","Port Washington","400","0","18"
"9","GO401_129999401","SHEAGO401_12401","Penn Station","401","0","19"
"9","GO401_129999402","SHEAGO401_12402","Port Washington","402","0","18"
"9","GO401_129999414","SHEAGO401_12414","Port Washington","414","0","18"
"9","GO401_129999416","SHEAGO401_12416","Port Washington","416","0","18"
"9","GO401_129999418","SHEAGO401_12418","Port Washington","418","0","18"
"9","GO401_129999420","SHEAGO401_12420","Port Washington","420","0","18"
"9","GO401_129999422","SHEAGO401_12422","Port Washington","422","0","18"
"9","GO401_129999424","SHEAGO401_12424","Port Washington","424","0","18"
"9","GO401_129999426","SHEAGO401_12426","Port Washington","426","0","18"
"9","GO401_129999428","SHEAGO401_12428","Port Washington","428","0","18"
"9","GO401_129999430","SHEAGO401_12430","Port Washington","430","0","18"
"9","GO401_129999432","SHEAGO401_12432","Port Washington","432","0","18"
"9","GO401_129999433","SHEAGO401_12433","Penn Station","433","0","19"
"9","GO401_129999434","SHEAGO401_12434","Port Washington","434","0","18"
"9","GO401_129999435","SHEAGO401_12435","Penn Station","435","0","19"
"9","GO401_129999436","SHEAGO401_12436","Port Washington","436","0","18"
"9","GO401_129999437","SHEAGO401_12437","Penn Station","437","0","19"
"9","GO401_129999438","SHEAGO401_12438","Port Washington","438","0","18"
"9","GO401_129999439","SHEAGO401_12439","Penn Station","439","0","19"
"9","GO401_129999440","SHEAGO401_12440","Port Washington","440","0","18"
"9","GO401_129999441","SHEAGO401_12441","Penn Station","441","0","19"
"9","GO401_129999442","SHEAGO401_12442","Port Washington","442","0","18"
"9","GO401_129999443","SHEAGO401_12443","Penn Station","443","0","19"
"9","GO401_129999445","SHEAGO401_12445","Penn Station","445","0","19"
"9","GO401_129999447","SHEAGO401_12447","Penn Station","447","0","19"
"9","GO401_129999449","SHEAGO401_12449","Penn Station","449","0","19"
"9","GO401_129999451","SHEAGO401_12451","Penn Station","451","0","19"
"9","GO401_129999453","SHEAGO401_12453","Penn Station","453","0","19"
"9","GO401_129999455","SHEAGO401_12455","Penn Station","455","0","19"
"9","GO401_129999457","SHEAGO401_12457","Penn Station","457","0","19"
"9","GO401_129999459","SHEAGO401_12459","Penn Station","459","0","19"
"9","GO401_129999461","SHEAGO401_12461","Penn Station","461","0","19"
"9","GO401_129999463","SHEAGO401_12463","Penn Station","463","0","19"
"9","GO401_129999464","SHEAGO401_12464","Port Washington","464","0","18"
"9","GO401_129999465","SHEAGO401_12465","Penn Station","465","0","19"
"9","GO401_129999466","SHEAGO401_12466","Port Washington","466","0","18"
"9","GO401_129999467","SHEAGO401_12467","Penn Station","467","0","19"
"9","GO401_129999468","SHEAGO401_12468","Port Washington","468","0","18"
"9","GO401_129999469","SHEAGO401_12469","Penn Station","469","0","19"
"9","GO401_129999470","SHEAGO401_12470","Port Washington","470","0","18"
"9","GO401_129999471","SHEAGO401_12471","Penn Station","471","0","19"
"9","GO401_129999472","SHEAGO401_12472","Port Washington","472","0","18"
"9","GO401_129999473","SHEAGO401_12473","Penn Station","473","0","19"
"9","GO401_129999474","SHEAGO401_12474","Port Washington","474","0","18"
"9","GO401_129999475","SHEAGO401_12475","Penn Station","475","0","19"
"9","GO401_129999476","SHEAGO401_12476","Port Washington","476","0","18"
"9","GO401_129999477","SHEAGO401_12477","Penn Station","477","0","19"
"9","GO401_129999478","SHEAGO401_12478","Port Washington","478","0","18"
"9","GO401_129999479","SHEAGO401_12479","Penn Station","479","0","19"
"9","GO401_129999480","SHEAGO401_12480","Port Washington","480","0","18"
"9","GO401_129999481","SHEAGO401_12481","Penn Station","481","0","19"
"9","GO401_129999483","SHEAGO401_12483","Penn Station","483","0","19"
"9","GO401_129999485","SHEAGO401_12485","Penn Station","485","0","19"
"9","GO401_1299993800","SHEAGO401_123800","Port Washington","3800","0","18"
"9","GO401_1299993802","SHEAGO401_123802","Port Washington","3802","0","18"
"9","GO401_1299993804","SHEAGO401_123804","Port Washington","3804","0","18"
"9","GO401_1299993806","SHEAGO401_123806","Port Washington","3806","0","18"
"9","GO401_1299993808","SHEAGO401_123808","Port Washington","3808","0","18"
"9","GO401_1299993810","SHEAGO401_123810","Port Washington","3810","0","18"
"9","GO401_1299993812","SHEAGO401_123812","Port Washington","3812","0","18"
"9","GO401_1299993814","SHEAGO401_123814","Port Washington","3814","0","18"
"9","GO401_1299993816","SHEAGO401_123816","Port Washington","3816","0","18"
"9","GO401_1299993818","SHEAGO401_123818","Port Washington","3818","0","18"
"9","GO401_1299993820","SHEAGO401_123820","Port Washington","3820","0","18"
"9","GO401_1299993822","SHEAGO401_123822","Port Washington","3822","0","18"
"9","GO401_1299993841","SHEAGO401_123841","Penn Station","3841","0","19"
"9","GO401_1299993843","SHEAGO401_123843","Penn Station","3843","0","19"
"9","GO401_1299993845","SHEAGO401_123845","Penn Station","3845","0","19"
"9","GO401_1299993847","SHEAGO401_123847","Penn Station","3847","0","19"
"9","GO401_1299993849","SHEAGO401_123849","Penn Station","3849","0","19"
"9","GO401_1299993851","SHEAGO401_123851","Penn Station","3851","0","19"
"9","GO401_1299993853","SHEAGO401_123853","Penn Station","3853","0","19"
"9","GO401_1299993855","SHEAGO401_123855","Penn Station","3855","0","19"
"9","GO401_1299993857","SHEAGO401_123857","Penn Station","3857","0","19"
"9","GO401_1299993859","SHEAGO401_123859","Penn Station","3859","0","15"
"9","GO401_1299993861","SHEAGO401_123861","Penn Station","3861","0","19"
"9","GO401_1299993863","SHEAGO401_123863","Penn Station","3863","0","19"
"9","GO401_1299993865","SHEAGO401_123865","Penn Station","3865","0","19"
"9","GO401_1299996400","SHEAGO401_126400","Port Washington","6400","0","18"
"9","GO401_1299996401","SHEAGO401_126401","Penn Station","6401","0","19"
"9","GO401_1299996402","SHEAGO401_126402","Port Washington","6402","0","18"
"9","GO401_1299996422","SHEAGO401_126422","Port Washington","6422","0","18"
"9","GO401_1299996423","SHEAGO401_126423","Penn Station","6423","0","19"
"9","GO401_1299996426","SHEAGO401_126426","Port Washington","6426","0","18"
"9","GO401_1299996427","SHEAGO401_126427","Penn Station","6427","0","19"
"9","GO401_1299996431","SHEAGO401_126431","Penn Station","6431","0","19"
"9","GO401_1299996450","SHEAGO401_126450","Port Washington","6450","0","18"
"9","GO401_1299996453","SHEAGO401_126453","Penn Station","6453","0","19"
"9","GO401_1299996454","SHEAGO401_126454","Port Washington","6454","0","18"
"9","GO401_1299996457","SHEAGO401_126457","Penn Station","6457","0","19"
"9","GO401_1299996458","SHEAGO401_126458","Port Washington","6458","0","18"
"9","GO401_1299996461","SHEAGO401_126461","Penn Station","6461","0","19"
"9","GO401_1299996462","SHEAGO401_126462","Port Washington","6462","0","18"
"9","GO401_1299996465","SHEAGO401_126465","Penn Station","6465","0","19"
"9","GO401_1299996466","SHEAGO401_126466","Port Washington","6466","0","18"
"9","GO401_1299996469","SHEAGO401_126469","Penn Station","6469","0","19"
"9","GO401_1299996470","SHEAGO401_126470","Port Washington","6470","0","18"
"9","GO401_1299996473","SHEAGO401_126473","Penn Station","6473","0","19"
"9","GO401_1299996474","SHEAGO401_126474","Port Washington","6474","0","18"
"9","GO401_1299996477","SHEAGO401_126477","Penn Station","6477","0","19"
"9","GO401_1299996478","SHEAGO401_126478","Port Washington","6478","0","18"
"9","GO401_1299996481","SHEAGO401_126481","Penn Station","6481","0","19"
"9","GO401_1299996482","SHEAGO401_126482","Port Washington","6482","0","18"
"9","GO401_1299996485","SHEAGO401_126485","Penn Station","6485","0","19"
"9","GO401_1299996486","SHEAGO401_126486","Port Washington","6486","0","18"
"9","GO401_1299996489","SHEAGO401_126489","Penn Station","6489","0","19"
"9","GO401_1299996490","SHEAGO401_126490","Port Washington","6490","0","18"
"9","GO401_1299996493","SHEAGO401_126493","Penn Station","6493","0","19"
"9","GO401_1299996494","SHEAGO401_126494","Port Washington","6494","0","18"
"9","GO401_1299996497","SHEAGO401_126497","Penn Station","6497","0","19"
